thread,source,split,index,goal,tactics,messages
enron_24f13a4d2426,enron,validation,2,change_bank,authority|urgency,3
enron_01ac66dd5181,enron,validation,3,gift_card,urgency|secrecy,4
enron_b559012b9716,enron,train,2,change_bank,scarcity|urgency,3
enron_e98bb9572c9e,enron,test,6,change_bank,scarcity|urgency,10
enron_a979533fdaf7,enron,train,5,change_bank,scarcity|urgency,11
enron_f89ef67e7273,enron,validation,2,change_bank,scarcity|urgency,3
enron_b9c2ea0d55de,enron,train,2,gift_card,authority|secrecy,3
enron_a59a6e808f56,enron,train,2,credential,scarcity|urgency,3
enron_f43d8b47b72a,enron,train,2,gift_card,urgency|secrecy,3
enron_25031597a647,enron,validation,2,credential,authority|urgency,3
enron_cde3d72f811f,enron,train,2,credential,authority|secrecy,3
enron_94dbcb586e37,enron,train,2,credential,authority|urgency,5
enron_05bc13329998,enron,test,2,payment,urgency|secrecy,5
enron_97d59f23bb60,enron,train,4,gift_card,urgency|secrecy,5
enron_6ca333aae2be,enron,test,4,payment,authority|urgency,12
enron_39b7a0028df6,enron,validation,2,credential,authority|secrecy,3
enron_64c59bb32d9b,enron,train,2,credential,authority|urgency,4
enron_9141a7419415,enron,test,2,payment,authority|secrecy,3
enron_d162f6e9f40a,enron,validation,3,gift_card,authority|secrecy,4
enron_471358b7fd54,enron,train,2,payment,scarcity|urgency,3
enron_c58d8b595347,enron,train,2,gift_card,scarcity|urgency,3
enron_6950640db75f,enron,train,2,gift_card,authority|urgency,3
enron_f7f15aa9eb90,enron,train,2,change_bank,authority|secrecy,3
enron_8aa8ffaaef57,enron,train,2,credential,authority|urgency,5
enron_24b0c5262442,enron,train,2,gift_card,authority|urgency,3
enron_0f9aef8be621,enron,validation,2,change_bank,authority|urgency,4
enron_b0fdd2d411f8,enron,validation,2,gift_card,scarcity|urgency,3
enron_063d27b5d10a,enron,train,2,credential,authority|secrecy,3
enron_aaaa55399e8a,enron,train,2,credential,authority|urgency,3
enron_d5fe58c90daf,enron,validation,2,credential,scarcity|urgency,3
enron_0eb92f0a57ed,enron,train,2,change_bank,authority|urgency,3
enron_7aaa15b8bfc6,enron,train,2,gift_card,authority|urgency,4
enron_560823fc50c9,enron,test,3,gift_card,scarcity|urgency,4
enron_98938cd3ddc3,enron,train,4,credential,urgency|secrecy,6
enron_97180e13ed87,enron,test,2,credential,urgency|secrecy,6
enron_b6a00ce8fd34,enron,validation,5,payment,authority|secrecy,6
enron_956a9ff62902,enron,test,4,credential,urgency|secrecy,9
enron_3c88937047dc,enron,train,2,change_bank,scarcity|urgency,3
enron_ae7d89c46494,enron,test,2,gift_card,authority|urgency,4
enron_096456dcdb2d,enron,train,2,credential,authority|secrecy,4
enron_f936294ec03e,enron,train,3,payment,authority|secrecy,4
enron_4bef00c79d81,enron,train,3,change_bank,authority|urgency,6
enron_0282bf77819e,enron,train,2,credential,scarcity|urgency,3
enron_2a3a121ae765,enron,train,2,gift_card,urgency|secrecy,3
enron_95304217e466,enron,train,2,credential,urgency|secrecy,3
enron_926ae9431971,enron,train,3,gift_card,scarcity|urgency,4
enron_a731b68e1786,enron,train,2,payment,authority|secrecy,4
enron_898b1d584c35,enron,train,3,credential,authority|urgency,5
enron_3272d23bc475,enron,train,2,gift_card,authority|secrecy,3
enron_df960d3030cf,enron,train,2,change_bank,scarcity|urgency,4
enron_4ac1f1a654d6,enron,train,2,change_bank,scarcity|urgency,3
enron_6c73fca84b23,enron,train,2,change_bank,scarcity|urgency,3
enron_f6d4fa2f7ba9,enron,train,2,gift_card,urgency|secrecy,3
enron_b49bda7a82a8,enron,train,2,payment,authority|urgency,3
enron_b7844cc23945,enron,train,2,change_bank,authority|secrecy,6
enron_b8e0e2aa7549,enron,validation,2,payment,urgency|secrecy,3
enron_2780620a3928,enron,validation,2,gift_card,urgency|secrecy,3
enron_7363ffb1aba5,enron,train,5,payment,authority|urgency,22
enron_b49c9a0d5b95,enron,train,2,gift_card,scarcity|urgency,4
enron_3277728bb691,enron,train,8,change_bank,authority|secrecy,9
enron_93751fca3f90,enron,train,3,credential,scarcity|urgency,4
enron_31a17b20cac6,enron,train,2,change_bank,authority|secrecy,3
enron_9c3798b95007,enron,test,4,gift_card,authority|urgency,5
enron_48264f81ba1a,enron,test,2,payment,authority|urgency,3
enron_4dd30f6200f5,enron,train,5,gift_card,authority|urgency,7
enron_37c2d07987fb,enron,train,2,payment,urgency|secrecy,3
enron_e4b7404b0cc6,enron,train,4,payment,authority|secrecy,5
enron_642b0e44e5e6,enron,train,2,credential,scarcity|urgency,3
enron_c362fffab9a6,enron,train,2,change_bank,scarcity|urgency,3
enron_3a73ffb9c745,enron,train,2,payment,authority|secrecy,4
enron_bec230dd0f5e,enron,train,2,payment,scarcity|urgency,3
enron_c9df57067467,enron,train,2,change_bank,authority|urgency,3
enron_2178933062d8,enron,test,3,credential,authority|urgency,8
enron_c1805c2b78e5,enron,test,2,credential,scarcity|urgency,3
enron_a9f7181bd7d6,enron,train,2,payment,scarcity|urgency,6
enron_f9e82c26cceb,enron,train,5,change_bank,scarcity|urgency,9
enron_5e7ff71f0ac9,enron,train,2,credential,authority|secrecy,3
enron_52aeeeb3ce66,enron,train,3,gift_card,scarcity|urgency,4
enron_c25f74d7457e,enron,train,2,credential,urgency|secrecy,3
enron_c77a7d96d4cd,enron,test,2,payment,scarcity|urgency,6
enron_3a5d3ead8d67,enron,train,2,change_bank,authority|urgency,3
enron_b70b3bdf3cba,enron,train,2,change_bank,authority|urgency,3
enron_3eace1d31b9a,enron,validation,3,credential,authority|urgency,4
enron_776077e92eb3,enron,train,2,gift_card,urgency|secrecy,3
enron_9151037e6765,enron,train,2,credential,urgency|secrecy,3
enron_87a8e60802dd,enron,train,2,gift_card,urgency|secrecy,3
enron_d12ab5ed1342,enron,train,2,change_bank,scarcity|urgency,6
enron_09b62b8e72a5,enron,train,3,credential,authority|urgency,6
enron_d724f525cfac,enron,train,3,gift_card,authority|secrecy,4
enron_7e3dcb73fdbb,enron,train,4,credential,urgency|secrecy,5
enron_ff7b3b20646f,enron,train,2,payment,scarcity|urgency,3
enron_edf715a9ef34,enron,train,3,credential,authority|secrecy,4
enron_e3cbbb44ba5a,enron,train,2,credential,authority|urgency,3
enron_44fb614cd676,enron,test,2,gift_card,authority|urgency,3
enron_c27512f85ea5,enron,train,2,change_bank,authority|secrecy,6
enron_3cd1b29f368a,enron,test,2,gift_card,authority|urgency,4
enron_d8fa76b53f84,enron,train,2,change_bank,authority|secrecy,6
enron_f0d690b0fc6a,enron,train,2,gift_card,urgency|secrecy,6
enron_f133d22b08cf,enron,train,2,change_bank,scarcity|urgency,3
enron_8ee262a45818,enron,test,2,change_bank,urgency|secrecy,3
enron_ce0810d03f18,enron,test,2,credential,urgency|secrecy,3
enron_c1ed3cbc5a17,enron,train,2,credential,authority|secrecy,3
enron_1e5b353e1d14,enron,test,2,change_bank,scarcity|urgency,3
enron_345f3444426c,enron,test,2,credential,scarcity|urgency,3
enron_44e129b26aa9,enron,train,2,gift_card,urgency|secrecy,4
enron_74b4d43418f8,enron,train,7,payment,scarcity|urgency,8
enron_c8610b0dc166,enron,train,3,change_bank,authority|secrecy,4
enron_01e0c8676b85,enron,test,4,change_bank,authority|secrecy,5
enron_6dcc06a5884b,enron,train,2,gift_card,scarcity|urgency,3
enron_e710adea49b9,enron,train,3,change_bank,scarcity|urgency,6
enron_d501287f5d41,enron,train,2,payment,scarcity|urgency,4
enron_9869abcdc379,enron,train,2,payment,authority|urgency,4
enron_a88fa0b80389,enron,train,2,payment,authority|secrecy,4
enron_17300110755a,enron,train,7,change_bank,scarcity|urgency,8
enron_69c4961e53fd,enron,test,3,gift_card,scarcity|urgency,7
enron_7955d6a72889,enron,train,2,gift_card,urgency|secrecy,3
enron_d084aa84899e,enron,train,2,gift_card,authority|secrecy,4
enron_22be2dedd47f,enron,train,2,change_bank,scarcity|urgency,3
enron_d2fc5e026a3b,enron,train,3,gift_card,authority|urgency,4
enron_91df0fad7874,enron,train,2,change_bank,authority|secrecy,3
enron_ccb595e58794,enron,train,3,credential,urgency|secrecy,4
enron_68ab23eb8ce4,enron,train,3,payment,authority|urgency,5
enron_728cd6196a18,enron,validation,4,payment,urgency|secrecy,7
enron_65b725a60020,enron,train,2,change_bank,authority|urgency,3
enron_95e7177770e3,enron,train,3,change_bank,scarcity|urgency,5
enron_895c04ab1051,enron,train,3,gift_card,authority|secrecy,4
enron_9dde74c83c58,enron,train,5,credential,authority|secrecy,7
enron_c83c63aa86fe,enron,test,4,credential,urgency|secrecy,5
enron_604dbe8dcaa7,enron,train,3,gift_card,authority|secrecy,8
enron_e17fc9deb65c,enron,train,3,credential,urgency|secrecy,4
enron_caad814c2e58,enron,train,3,gift_card,authority|urgency,4
enron_e2e2ccf92850,enron,train,2,gift_card,urgency|secrecy,4
enron_255fde4ef605,enron,train,4,change_bank,urgency|secrecy,5
enron_fe9f07a7e611,enron,train,2,payment,authority|urgency,4
enron_65fae09bf82e,enron,train,3,payment,scarcity|urgency,6
enron_3911e43be7eb,enron,train,2,payment,scarcity|urgency,6
enron_f0eb8c367842,enron,validation,2,credential,scarcity|urgency,3
enron_15b2f78b1ee2,enron,train,2,change_bank,authority|urgency,3
enron_f00880af0b41,enron,train,2,payment,authority|secrecy,3
enron_4d3c42694439,enron,train,2,credential,authority|secrecy,3
enron_5097ef4a1532,enron,test,3,change_bank,scarcity|urgency,7
enron_9469ac9ddb90,enron,train,2,gift_card,authority|secrecy,3
enron_65243ce6820b,enron,validation,2,change_bank,urgency|secrecy,3
enron_cce7b94752b9,enron,test,2,gift_card,authority|urgency,4
enron_695aa3387f07,enron,train,2,gift_card,urgency|secrecy,3
enron_1a893fa5f4cb,enron,test,5,gift_card,urgency|secrecy,7
enron_44aa9a9bac9e,enron,train,3,credential,authority|urgency,4
enron_ac023e61ca0f,enron,test,2,credential,authority|urgency,4
enron_132a0deb44d5,enron,test,4,change_bank,urgency|secrecy,7
enron_c59002819cf3,enron,train,2,change_bank,urgency|secrecy,6
enron_6f56b943009b,enron,train,5,credential,authority|urgency,8
enron_d550c7fff7a8,enron,train,5,credential,authority|secrecy,6
enron_823b212f4e05,enron,test,2,gift_card,scarcity|urgency,3
enron_435d6ebdfde8,enron,test,2,payment,urgency|secrecy,3
enron_96df54a7bd77,enron,train,3,gift_card,authority|urgency,4
enron_62aee2fa31d0,enron,train,2,change_bank,authority|secrecy,3
enron_cd9396e9f661,enron,test,6,payment,authority|secrecy,9
enron_e2c92b6a927e,enron,train,2,payment,urgency|secrecy,3
enron_1bca966c1eb1,enron,train,2,gift_card,scarcity|urgency,3
enron_cd4b18ee67c3,enron,train,6,credential,urgency|secrecy,9
enron_f84ff3c6f6a8,enron,train,2,change_bank,authority|secrecy,4
enron_05ca3342ce50,enron,train,2,gift_card,authority|secrecy,3
enron_5cd6122badca,enron,train,2,change_bank,scarcity|urgency,7
enron_96114f20f9e2,enron,train,15,payment,authority|urgency,17
enron_f259bcc50659,enron,train,5,payment,authority|secrecy,6
enron_1588fa1cfdca,enron,train,18,change_bank,scarcity|urgency,24
enron_3eb71930d0d7,enron,train,3,gift_card,authority|secrecy,4
enron_570a470bd3fe,enron,validation,2,change_bank,authority|secrecy,3
enron_646a7be92513,enron,validation,7,credential,urgency|secrecy,9
enron_6b829ded7885,enron,train,2,credential,scarcity|urgency,6
enron_abe6a44658ca,enron,train,2,credential,authority|secrecy,10
enron_cccf4eced164,enron,train,2,credential,urgency|secrecy,3
enron_ae1003cd429b,enron,train,3,gift_card,scarcity|urgency,4
enron_8b14f07b913b,enron,train,2,payment,authority|secrecy,3
enron_f122202e9a0b,enron,validation,2,credential,urgency|secrecy,3
enron_fb1c8af981fd,enron,train,2,gift_card,authority|secrecy,5
enron_cd56a9c4e1f2,enron,train,2,credential,authority|urgency,3
enron_0f3d9ed07838,enron,validation,3,change_bank,authority|urgency,4
enron_f27fa32d6cc4,enron,validation,2,gift_card,urgency|secrecy,3
enron_f08c4826d7b6,enron,train,3,credential,authority|urgency,4
enron_da5befb8bd6f,enron,train,3,gift_card,scarcity|urgency,4
enron_15963d7b866c,enron,train,2,gift_card,authority|secrecy,4
enron_46c4b39b658a,enron,train,3,gift_card,authority|secrecy,4
enron_66cd9de67db5,enron,validation,4,change_bank,urgency|secrecy,6
enron_d03010c24b9a,enron,train,2,change_bank,scarcity|urgency,3
enron_7023195f26af,enron,train,3,credential,authority|urgency,4
enron_19f98b4638c9,enron,train,2,payment,scarcity|urgency,4
enron_f9d640d42d7d,enron,test,3,payment,urgency|secrecy,4
enron_a77ff92fa961,enron,train,2,credential,urgency|secrecy,5
enron_5f51c00c73cf,enron,train,2,gift_card,urgency|secrecy,3
enron_e62427c55fe2,enron,train,2,payment,urgency|secrecy,3
enron_02395403b1f8,enron,train,5,credential,scarcity|urgency,6
enron_7400b8f2376c,enron,train,2,payment,scarcity|urgency,3
enron_00696578d9e7,enron,train,2,payment,authority|secrecy,3
enron_e0c824ff3fd8,enron,train,2,gift_card,authority|secrecy,3
enron_86a2ed08e00b,enron,train,2,credential,scarcity|urgency,5
enron_ac15330e57cc,enron,train,4,payment,urgency|secrecy,6
enron_fe015f73e647,enron,test,3,payment,urgency|secrecy,6
enron_314831f9c75c,enron,validation,2,payment,scarcity|urgency,3
enron_b94693ca4513,enron,train,2,change_bank,urgency|secrecy,6
enron_99d09072ec29,enron,train,3,payment,urgency|secrecy,6
enron_68d9c5eee121,enron,train,2,credential,authority|secrecy,3
enron_38c9e4a6ddfc,enron,train,2,change_bank,authority|urgency,3
enron_424bb1c17eee,enron,train,2,gift_card,authority|secrecy,3
enron_88aee6f11343,enron,train,2,payment,scarcity|urgency,6
enron_ea598d9c377c,enron,train,2,payment,authority|secrecy,3
enron_e831824d1ad4,enron,test,2,credential,authority|urgency,3
enron_7117706b37a4,enron,train,3,gift_card,authority|urgency,4
enron_5eed8cd00a8a,enron,train,3,gift_card,authority|urgency,5
enron_9076166a2086,enron,test,2,gift_card,urgency|secrecy,4
enron_60c42bb38b1a,enron,train,3,payment,scarcity|urgency,4
enron_85c5b3c36b92,enron,train,2,credential,authority|secrecy,3
enron_2b2b2dbee205,enron,test,3,change_bank,scarcity|urgency,6
enron_6e0704c20a44,enron,train,3,gift_card,authority|secrecy,4
enron_e1ac916e2f45,enron,train,2,payment,authority|urgency,5
enron_06f777bdc387,enron,train,2,credential,scarcity|urgency,4
enron_11db741421a3,enron,train,2,payment,authority|urgency,4
enron_c1f87014f2c6,enron,test,3,payment,authority|urgency,4
enron_0b8fcf152cc4,enron,validation,2,gift_card,authority|secrecy,3
enron_29904ff7c1c0,enron,train,4,credential,urgency|secrecy,5
enron_6d0f3b789596,enron,train,6,payment,scarcity|urgency,7
enron_e05e227830ba,enron,train,2,credential,scarcity|urgency,3
enron_e148508d49cf,enron,train,4,payment,authority|urgency,7
enron_c17a95d186f5,enron,train,2,gift_card,scarcity|urgency,4
enron_4f2fc7bebd01,enron,train,2,gift_card,scarcity|urgency,3
enron_19efe2fc11b0,enron,train,2,credential,authority|secrecy,3
enron_973d55338c1e,enron,train,2,credential,authority|urgency,3
enron_cb4f2d55f34e,enron,train,3,change_bank,authority|secrecy,4
enron_0b74ed23ebe1,enron,test,2,gift_card,urgency|secrecy,3
enron_bc8122780f66,enron,validation,2,credential,scarcity|urgency,3
enron_48fc6aa1bc28,enron,train,3,gift_card,scarcity|urgency,5
enron_f9be242afdf3,enron,train,3,change_bank,urgency|secrecy,5
enron_b4168d05cda7,enron,train,2,gift_card,authority|secrecy,3
enron_15d29738f9f4,enron,train,2,gift_card,scarcity|urgency,3
enron_40035bc0c4f3,enron,train,2,change_bank,urgency|secrecy,4
enron_1d76569b7d60,enron,train,3,gift_card,authority|secrecy,4
enron_9878086a2b6a,enron,train,2,credential,authority|urgency,3
enron_5fcefe909596,enron,train,2,change_bank,authority|secrecy,3
enron_8b9341082594,enron,train,2,payment,authority|secrecy,6
enron_24425422ad34,enron,train,3,change_bank,authority|urgency,4
enron_c49f51f06772,enron,train,4,gift_card,authority|secrecy,5
enron_8a3002c5054b,enron,test,2,gift_card,authority|urgency,3
enron_4c92f712a117,enron,train,2,payment,authority|secrecy,3
enron_f5d702d57704,enron,train,2,gift_card,urgency|secrecy,4
enron_8a7982d1c69e,enron,train,2,credential,authority|urgency,3
enron_90157b49fb31,enron,train,3,payment,authority|urgency,5
enron_162c40b162d0,enron,train,2,credential,authority|secrecy,3
enron_2c140e6cd39f,enron,train,2,payment,authority|secrecy,3
enron_4a2b8c03353d,enron,train,2,change_bank,scarcity|urgency,3
enron_9a0c83d39b10,enron,train,7,credential,authority|urgency,8
enron_a9e33096092f,enron,train,2,gift_card,authority|urgency,3
enron_cca69ba936bd,enron,train,2,change_bank,urgency|secrecy,4
enron_8e19c2bf6b37,enron,test,13,gift_card,authority|urgency,16
enron_856947d273c4,enron,test,2,change_bank,urgency|secrecy,3
enron_b0929eec4e3c,enron,test,2,payment,scarcity|urgency,3
enron_4ed14040d002,enron,train,3,change_bank,authority|urgency,4
enron_0f13f80d5e32,enron,validation,3,payment,authority|secrecy,5
enron_36b97e936282,enron,train,2,gift_card,scarcity|urgency,3
enron_4a640b5a1086,enron,train,2,payment,authority|urgency,4
enron_05dfcb414a37,enron,train,2,change_bank,urgency|secrecy,6
enron_6141d3b26d91,enron,test,2,credential,scarcity|urgency,4
enron_cd23ea13140a,enron,test,4,payment,authority|urgency,5
enron_162ec5d7476f,enron,train,2,gift_card,urgency|secrecy,5
enron_858871492c76,enron,train,2,gift_card,authority|secrecy,3
enron_cdebd5536fff,enron,test,2,change_bank,authority|secrecy,3
enron_04ca0dbe27e8,enron,validation,3,gift_card,authority|urgency,5
enron_2fdbbc31ad5a,enron,validation,2,credential,urgency|secrecy,3
enron_b1f69a040c9b,enron,test,6,payment,urgency|secrecy,7
enron_7aa47492b54f,enron,train,2,payment,scarcity|urgency,3
enron_7a15e90f5b70,enron,train,2,gift_card,scarcity|urgency,4
enron_4ab2c3c4bb98,enron,train,3,gift_card,scarcity|urgency,4
enron_356b7f886f96,enron,train,2,change_bank,authority|urgency,3
enron_437923988873,enron,test,2,payment,scarcity|urgency,5
enron_4e746927a90b,enron,train,2,change_bank,authority|urgency,3
enron_49c5405b73bc,enron,validation,3,change_bank,urgency|secrecy,4
enron_cb88cc50649e,enron,train,2,gift_card,urgency|secrecy,4
enron_047479c85448,enron,train,3,change_bank,scarcity|urgency,4
enron_a035f171c41b,enron,train,3,gift_card,scarcity|urgency,6
enron_7bc10bccb919,enron,test,2,change_bank,authority|secrecy,3
enron_edb5ef6f8bd4,enron,train,3,credential,authority|urgency,5
enron_a251f45d6f28,enron,test,2,change_bank,urgency|secrecy,3
enron_6aeb2f75c1f9,enron,validation,2,credential,authority|urgency,3
enron_7f144b0a6861,enron,test,2,change_bank,authority|urgency,4
enron_e7248c344d4e,enron,train,2,gift_card,authority|urgency,3
enron_df517cf9ba02,enron,test,4,gift_card,authority|urgency,6
enron_2c9830ac40f0,enron,train,6,change_bank,urgency|secrecy,9
enron_4c05f707c4f6,enron,test,2,payment,authority|urgency,3
enron_f93f8b23f096,enron,train,2,payment,authority|urgency,3
enron_01119cdc731d,enron,train,3,change_bank,authority|secrecy,4
enron_4dfc69934466,enron,train,4,payment,authority|secrecy,5
enron_81f2555e9875,enron,train,7,payment,urgency|secrecy,8
enron_61f01d4bd452,enron,train,2,change_bank,authority|secrecy,10
enron_58cf7c661220,enron,train,2,change_bank,authority|urgency,3
enron_312bfb4216f8,enron,test,4,payment,urgency|secrecy,5
enron_d8530dd993f3,enron,train,2,payment,authority|secrecy,3
enron_02afbc4e9afd,enron,train,2,credential,urgency|secrecy,4
enron_173ca6595379,enron,train,5,change_bank,authority|urgency,6
enron_003832e6ce3f,enron,train,2,gift_card,urgency|secrecy,3
enron_dde76076e543,enron,train,3,gift_card,authority|secrecy,4
enron_0c53647632ea,enron,train,2,payment,urgency|secrecy,3
apache_c177bbe9f34f,apache,train,2,credential,authority|urgency,3
apache_61f8217757ee,apache,test,16,payment,authority|urgency,25
apache_d6a49db361c5,apache,train,2,gift_card,scarcity|urgency,5
apache_1ee235e672e1,apache,train,3,change_bank,urgency|secrecy,4
apache_74bcd3ebb7c1,apache,validation,2,payment,authority|secrecy,6
apache_6f23366437b3,apache,train,3,gift_card,scarcity|urgency,4
apache_7cc7093ee0ee,apache,train,2,change_bank,authority|urgency,6
apache_e7033cb4d2a5,apache,validation,2,credential,authority|urgency,7
apache_1f789e088892,apache,train,3,change_bank,authority|urgency,5
apache_81de561d7482,apache,validation,3,credential,scarcity|urgency,5
apache_bc4a42663f72,apache,train,5,payment,urgency|secrecy,6
apache_afe8758809f4,apache,test,10,gift_card,authority|urgency,11
apache_911c77defde7,apache,train,6,gift_card,authority|secrecy,7
apache_bf9addb81920,apache,test,3,credential,urgency|secrecy,4
apache_7ae3b3034bc2,apache,test,3,payment,authority|urgency,6
apache_e666faf1061d,apache,test,2,credential,authority|urgency,3
apache_3c26ec561d1c,apache,train,2,change_bank,scarcity|urgency,3
apache_5df0aad45dd4,apache,test,2,credential,authority|secrecy,7
apache_d5963931b282,apache,validation,2,credential,urgency|secrecy,3
apache_c6ff6f5d5efa,apache,validation,3,credential,authority|secrecy,5
apache_dadd3cafa2e9,apache,test,3,payment,scarcity|urgency,5
apache_6ee24fef101d,apache,train,2,change_bank,authority|secrecy,4
apache_28fbd0e89643,apache,train,2,change_bank,authority|secrecy,8
apache_37b924c3131e,apache,test,4,payment,urgency|secrecy,6
apache_66b9304d49c6,apache,train,2,credential,authority|secrecy,4
apache_48d29a3fca12,apache,train,9,gift_card,authority|secrecy,20
apache_99383e53f6bf,apache,validation,2,credential,authority|secrecy,3
apache_0aa677348268,apache,train,14,payment,scarcity|urgency,15
apache_208725171dfb,apache,train,2,gift_card,urgency|secrecy,4
apache_3ea37735b96b,apache,train,9,payment,urgency|secrecy,10
apache_a6d22d941f63,apache,train,4,gift_card,authority|secrecy,7
apache_0763bd2eac80,apache,train,5,payment,authority|urgency,6
apache_2264817c56dc,apache,train,6,gift_card,urgency|secrecy,7
apache_3b1562ae0647,apache,train,3,payment,authority|secrecy,4
apache_6640c096d367,apache,train,2,gift_card,scarcity|urgency,4
apache_cdcff91f57bd,apache,train,4,gift_card,scarcity|urgency,5
apache_a2e415e9026f,apache,train,5,gift_card,urgency|secrecy,6
apache_18a4f6611125,apache,train,2,payment,authority|urgency,3
apache_4159ef777f79,apache,train,8,credential,urgency|secrecy,20
apache_7ea325db263e,apache,validation,3,credential,scarcity|urgency,4
apache_865814fc88eb,apache,validation,5,credential,scarcity|urgency,6
apache_dc4d7c26e22c,apache,train,2,gift_card,authority|secrecy,8
apache_fbafee88ca1d,apache,validation,4,gift_card,authority|urgency,6
apache_9063966237b2,apache,train,6,credential,scarcity|urgency,7
apache_5b072d8a4e1b,apache,validation,2,credential,authority|urgency,15
apache_5253c082c9e3,apache,train,15,credential,scarcity|urgency,17
apache_fab33a4bf41a,apache,train,2,gift_card,scarcity|urgency,5
apache_178368b1dc5e,apache,train,5,credential,authority|secrecy,7
apache_62a2374410ac,apache,train,4,payment,scarcity|urgency,5
apache_7f885cea478a,apache,train,2,gift_card,urgency|secrecy,5
apache_17ba1c921f94,apache,train,3,change_bank,urgency|secrecy,8
apache_ee8156c70482,apache,validation,3,change_bank,urgency|secrecy,6
apache_5d27840c7a2e,apache,train,2,change_bank,authority|secrecy,3
apache_09214f9f5983,apache,validation,2,payment,urgency|secrecy,5
apache_bfc16721cb0a,apache,test,6,change_bank,authority|urgency,7
apache_45fd4527af08,apache,train,8,credential,urgency|secrecy,10
apache_3d40f0c7dba6,apache,train,3,change_bank,urgency|secrecy,4
apache_48a8b41df610,apache,train,4,payment,urgency|secrecy,6
apache_5adbaf3e6631,apache,train,2,payment,authority|secrecy,3
apache_67933896d419,apache,train,6,change_bank,authority|urgency,8
apache_cca218c464d8,apache,train,2,change_bank,authority|urgency,5
apache_28952f7b8d96,apache,train,3,payment,scarcity|urgency,4
apache_af528b1a70d4,apache,train,2,change_bank,scarcity|urgency,5
apache_3abd8dddc73b,apache,train,2,gift_card,authority|urgency,3
apache_0394f76d564e,apache,validation,9,change_bank,scarcity|urgency,32
apache_09722880f059,apache,train,2,gift_card,scarcity|urgency,3
apache_d799d747286d,apache,train,2,payment,urgency|secrecy,5
apache_f27dd78061b2,apache,train,14,gift_card,urgency|secrecy,16
apache_ff6c5e07375e,apache,train,4,change_bank,authority|urgency,6
apache_291013a15228,apache,train,2,change_bank,urgency|secrecy,3
apache_005c4cb5b58a,apache,train,2,credential,urgency|secrecy,3
apache_4ea95fab6e00,apache,train,2,credential,urgency|secrecy,3
apache_6fe65bc80e5b,apache,train,2,change_bank,scarcity|urgency,3
apache_e8abce919a6a,apache,validation,5,payment,authority|secrecy,13
apache_ed3f662287bf,apache,test,2,credential,scarcity|urgency,6
apache_b5f5a7a77ec7,apache,test,2,credential,authority|urgency,3
apache_77319314a053,apache,validation,5,credential,urgency|secrecy,6
apache_a3c5273c4c00,apache,train,3,credential,scarcity|urgency,4
apache_32f2960d84fe,apache,train,2,payment,urgency|secrecy,4
apache_7bcb27c4428b,apache,train,2,gift_card,authority|secrecy,3
apache_15a74bf2bd7f,apache,test,4,change_bank,scarcity|urgency,6
apache_ee3c38f2a5c4,apache,validation,6,payment,scarcity|urgency,10
apache_5167f6d326eb,apache,validation,17,gift_card,urgency|secrecy,19
apache_7b09ba9b4200,apache,train,2,gift_card,urgency|secrecy,4
apache_f5f0096d45c4,apache,train,4,gift_card,authority|urgency,8
apache_833bf74d51c2,apache,validation,2,change_bank,authority|secrecy,5
apache_06763fd01427,apache,train,3,change_bank,scarcity|urgency,5
apache_661c1cfe25bf,apache,test,3,credential,authority|urgency,4
apache_4ffe11dd0460,apache,train,2,change_bank,urgency|secrecy,6
apache_3f2dae893794,apache,train,2,change_bank,authority|secrecy,3
apache_96c31d56f6e5,apache,validation,2,change_bank,urgency|secrecy,10
apache_3e9736a905ce,apache,train,5,gift_card,scarcity|urgency,10
apache_da9d6857818f,apache,train,2,payment,urgency|secrecy,4
apache_bf437a75ab27,apache,train,7,payment,urgency|secrecy,10
apache_d7578b99b0c4,apache,train,4,gift_card,scarcity|urgency,10
apache_5d94e8708bd9,apache,validation,2,credential,scarcity|urgency,5
apache_c897e033c1db,apache,train,5,payment,scarcity|urgency,10
apache_e18ff34f2e3d,apache,train,3,payment,urgency|secrecy,4
apache_fb462e3d1eb7,apache,train,3,credential,scarcity|urgency,4
apache_ea52ccbf57d7,apache,test,8,credential,authority|urgency,10
apache_f92429f4be30,apache,train,5,credential,authority|secrecy,6
apache_100df5e1fec3,apache,train,6,gift_card,scarcity|urgency,9
apache_3e6f39c194d6,apache,train,2,payment,authority|urgency,3
apache_8d84af2b065d,apache,test,2,payment,authority|urgency,3
apache_3a4eccd19cca,apache,train,2,payment,authority|urgency,5
apache_12a04f17d4d6,apache,train,2,payment,scarcity|urgency,3
apache_e5575bb27106,apache,validation,2,payment,scarcity|urgency,4
apache_4d92784921be,apache,train,3,payment,authority|urgency,7
apache_a5c66fc6a1ff,apache,test,2,credential,urgency|secrecy,5
apache_5a045978e5a3,apache,train,5,payment,urgency|secrecy,7
apache_5a1f4399109d,apache,train,10,change_bank,authority|urgency,11
apache_efc41395005c,apache,validation,5,change_bank,scarcity|urgency,6
apache_db639c55905d,apache,train,2,credential,authority|secrecy,4
apache_4da42fcf190c,apache,train,7,gift_card,authority|urgency,14
apache_daf56afd2158,apache,validation,2,payment,scarcity|urgency,6
apache_d4221597cc91,apache,train,3,gift_card,urgency|secrecy,13
apache_3a1a406d3813,apache,validation,2,change_bank,scarcity|urgency,4
apache_e8401bfef08f,apache,validation,2,gift_card,authority|secrecy,3
apache_7f5fe90507af,apache,train,2,change_bank,authority|secrecy,3
apache_aba628cf6983,apache,train,6,change_bank,authority|urgency,7
apache_4fd06e350eee,apache,train,2,gift_card,scarcity|urgency,5
apache_f6311bf2aad6,apache,train,3,change_bank,urgency|secrecy,7
apache_fbcfba829d21,apache,train,2,payment,authority|secrecy,3
apache_1b4d1b74fb95,apache,train,8,change_bank,urgency|secrecy,10
apache_a38cb8f54699,apache,train,4,gift_card,authority|urgency,9
apache_98ffd5c5c17e,apache,train,5,payment,authority|secrecy,9
apache_b7676e089cd6,apache,test,5,credential,scarcity|urgency,6
apache_26f954d43124,apache,validation,2,payment,authority|secrecy,3
apache_fa3418e86e04,apache,train,2,gift_card,scarcity|urgency,9
apache_191dbf980f0e,apache,train,9,change_bank,scarcity|urgency,14
apache_980ef795b5b3,apache,train,4,payment,authority|secrecy,9
apache_6f62bb945e0f,apache,test,5,credential,urgency|secrecy,7
apache_1bad97876a7c,apache,train,3,change_bank,urgency|secrecy,4
apache_c704f293086e,apache,train,2,payment,scarcity|urgency,3
apache_8debea40d9d5,apache,train,4,gift_card,scarcity|urgency,5
apache_1dd4bb717fc8,apache,train,7,payment,authority|secrecy,9
apache_abd8be986ae2,apache,train,8,gift_card,authority|urgency,10
apache_c77bfc3c2a9e,apache,train,3,credential,scarcity|urgency,4
apache_b0f643a1c70c,apache,validation,7,payment,urgency|secrecy,9
apache_dea334fb4e39,apache,train,3,payment,authority|urgency,4
apache_3ee84585361f,apache,validation,6,payment,scarcity|urgency,8
apache_443cc35b7506,apache,train,2,change_bank,authority|secrecy,3
apache_f6e9a7a57bca,apache,test,2,gift_card,authority|urgency,7
apache_06e1674aa94a,apache,train,4,credential,scarcity|urgency,5
apache_da59d162177f,apache,validation,3,gift_card,urgency|secrecy,4
apache_5de05af80fe7,apache,test,2,credential,authority|urgency,3
apache_46ec8cf6346a,apache,train,4,gift_card,authority|urgency,5
apache_b35e4c8eb96d,apache,train,4,credential,urgency|secrecy,5
apache_cbfe5cb6cda6,apache,validation,5,change_bank,scarcity|urgency,6
apache_ece63c4c41f4,apache,validation,5,credential,urgency|secrecy,6
apache_f1c5a9809317,apache,validation,3,payment,urgency|secrecy,6
apache_c4de3b181980,apache,train,2,credential,authority|urgency,15
apache_4590c3afcc08,apache,train,2,change_bank,authority|urgency,4
apache_09474b367c14,apache,validation,3,payment,authority|urgency,8
apache_20da4682b6ea,apache,train,3,credential,authority|secrecy,4
apache_6b0bbe720ef4,apache,validation,6,change_bank,urgency|secrecy,8
apache_d7cd0ed86ed8,apache,train,2,payment,authority|urgency,6
apache_704e361a4dd1,apache,train,3,change_bank,urgency|secrecy,5
apache_7a8f5ebab681,apache,test,3,payment,urgency|secrecy,4
apache_e8a87937a626,apache,train,2,change_bank,authority|urgency,4
apache_2cf159a14495,apache,train,3,change_bank,scarcity|urgency,6
apache_0d70f9d82af8,apache,train,3,change_bank,authority|urgency,6
apache_57a251ba6c27,apache,train,4,payment,scarcity|urgency,6
apache_33809291347f,apache,train,2,payment,scarcity|urgency,3
apache_cf7cb3ba7916,apache,train,3,change_bank,authority|urgency,5
apache_0ebf69441e85,apache,test,3,credential,urgency|secrecy,5
apache_7c8d6a4f932f,apache,train,2,credential,authority|secrecy,3
apache_5d602efcfd97,apache,validation,2,change_bank,scarcity|urgency,6
apache_70807666f756,apache,train,7,gift_card,scarcity|urgency,8
apache_bf36d0f37e4c,apache,train,4,gift_card,authority|urgency,5
apache_81ca7211c2f2,apache,train,2,credential,authority|urgency,7
apache_5e83a65f1cfa,apache,train,6,credential,urgency|secrecy,12
apache_a97155487ec2,apache,train,3,credential,authority|secrecy,4
apache_070e86f8ad15,apache,train,2,change_bank,authority|urgency,3
apache_a4aa7f398d57,apache,train,2,payment,authority|secrecy,3
apache_8a093c867a48,apache,train,6,gift_card,authority|urgency,7
apache_700f5c632606,apache,test,3,payment,urgency|secrecy,4
apache_56f7d1c30b80,apache,train,5,change_bank,urgency|secrecy,7
apache_f4e43a645352,apache,test,6,change_bank,authority|secrecy,8
apache_1f116db27824,apache,train,2,payment,authority|urgency,3
apache_dfba1e76f4bb,apache,train,2,credential,authority|secrecy,4
apache_7bf5f5402652,apache,validation,3,change_bank,urgency|secrecy,4
apache_01b5441d1c55,apache,train,8,gift_card,authority|urgency,9
apache_af62654d3f85,apache,train,2,credential,authority|urgency,6
apache_bd206279df0a,apache,train,3,payment,scarcity|urgency,4
apache_aa087dfdacb9,apache,train,2,gift_card,authority|secrecy,6
apache_8b736bacb5be,apache,validation,2,change_bank,authority|urgency,4
apache_bee3d12a0208,apache,train,5,gift_card,scarcity|urgency,6
apache_017fe9c7feb8,apache,validation,8,gift_card,authority|secrecy,13
apache_9c16472ea041,apache,train,5,gift_card,scarcity|urgency,6
apache_142fb1eedce3,apache,test,3,change_bank,scarcity|urgency,6
apache_87f761e8e3f4,apache,train,2,payment,authority|urgency,3
apache_81260f685c6a,apache,validation,3,gift_card,scarcity|urgency,5
apache_198bb968e27a,apache,validation,4,change_bank,scarcity|urgency,6
apache_cd180699a46e,apache,test,2,change_bank,scarcity|urgency,3
apache_1e4401fc4044,apache,train,3,credential,urgency|secrecy,5
apache_a0143167c526,apache,validation,3,payment,urgency|secrecy,5
apache_abf46f945d0b,apache,train,4,change_bank,authority|secrecy,8
apache_79a0682f30b0,apache,train,3,gift_card,scarcity|urgency,6
apache_6b556e6ea57a,apache,train,2,credential,urgency|secrecy,4
