missed_tactic,flagged_by_mistake,emails,missed_total,false_alarm_total
authority,urgency,0,10,28
authority,scarcity,0,10,17
authority,reciprocity,0,10,1
authority,social_proof,0,10,0
authority,liking,0,10,2
authority,secrecy,0,10,1
urgency,authority,0,15,17
urgency,scarcity,0,15,17
urgency,reciprocity,0,15,1
urgency,social_proof,0,15,0
urgency,liking,0,15,2
urgency,secrecy,0,15,1
scarcity,authority,3,14,17
scarcity,urgency,1,14,28
scarcity,reciprocity,0,14,1
scarcity,social_proof,0,14,0
scarcity,liking,0,14,2
scarcity,secrecy,0,14,1
reciprocity,authority,0,0,17
reciprocity,urgency,0,0,28
reciprocity,scarcity,0,0,17
reciprocity,social_proof,0,0,0
reciprocity,liking,0,0,2
reciprocity,secrecy,0,0,1
social_proof,authority,0,0,17
social_proof,urgency,0,0,28
social_proof,scarcity,0,0,17
social_proof,reciprocity,0,0,1
social_proof,liking,0,0,2
social_proof,secrecy,0,0,1
liking,authority,0,3,17
liking,urgency,1,3,28
liking,scarcity,1,3,17
liking,reciprocity,0,3,1
liking,social_proof,0,3,0
liking,secrecy,0,3,1
secrecy,authority,3,12,17
secrecy,urgency,3,12,28
secrecy,scarcity,1,12,17
secrecy,reciprocity,0,12,1
secrecy,social_proof,0,12,0
secrecy,liking,1,12,2
