data,min_confidence,claim_type,items,positives,predicted,tp,fp,fn,precision,recall,f1,reported,span_precision,span_recall,note
real_train,0.0,affiliation_internal,413,32.0,45.0,18.0,27.0,14.0,0.4,0.5625,0.4675,f1,0.3269,0.4688,
real_train,0.0,affiliation_external,413,116.0,310.0,111.0,199.0,5.0,0.3581,0.9569,0.5211,f1,0.2045,0.7797,
real_train,0.0,authority,413,45.0,53.0,34.0,19.0,11.0,0.6415,0.7556,0.6939,f1,0.3913,0.5111,
real_train,0.0,reply_direction,413,35.0,37.0,19.0,18.0,16.0,0.5135,0.5429,0.5278,f1,,,
real_train,0.0,signature_contact,413,87.0,98.0,37.0,61.0,50.0,0.3776,0.4253,0.4,f1,0.1683,0.1954,
real_train,0.0,prior_relationship,413,8.0,16.0,4.0,12.0,4.0,,,,count only (fewer than 10 positives),,,
real_train,0.0,payment_request,413,8.0,50.0,2.0,48.0,6.0,,,,count only (fewer than 10 positives),,,
real_train,0.0,payment_change,413,1.0,7.0,0.0,7.0,1.0,,,,count only (fewer than 10 positives),,,
real_train,0.0,credential_request,413,62.0,70.0,48.0,22.0,14.0,0.6857,0.7742,0.7273,f1,0.3413,0.5968,
real_train,0.0,gift_card,413,1.0,2.0,1.0,1.0,0.0,,,,count only (fewer than 10 positives),,,
real_train,0.0,data_request,413,23.0,62.0,16.0,46.0,7.0,0.2581,0.6957,0.3765,f1,,,
real_train,0.0,macro_scoreable5,413,,,,,,,,0.562,"mean F1 over affiliation_external, affiliation_internal, authority, credential_request, signature_contact",,,
real_train,0.9,affiliation_internal,413,32.0,45.0,18.0,27.0,14.0,0.4,0.5625,0.4675,f1,0.3333,0.4688,
real_train,0.9,affiliation_external,413,116.0,148.0,84.0,64.0,32.0,0.5676,0.7241,0.6364,f1,0.4065,0.6017,
real_train,0.9,authority,413,45.0,36.0,26.0,10.0,19.0,0.7222,0.5778,0.642,f1,0.3659,0.3111,
real_train,0.9,reply_direction,413,35.0,26.0,14.0,12.0,21.0,0.5385,0.4,0.459,f1,,,
real_train,0.9,signature_contact,413,87.0,45.0,17.0,28.0,70.0,0.3778,0.1954,0.2576,f1,0.2,0.1034,
real_train,0.9,prior_relationship,413,8.0,13.0,1.0,12.0,7.0,,,,count only (fewer than 10 positives),,,
real_train,0.9,payment_request,413,8.0,50.0,2.0,48.0,6.0,,,,count only (fewer than 10 positives),,,
real_train,0.9,payment_change,413,1.0,2.0,0.0,2.0,1.0,,,,count only (fewer than 10 positives),,,
real_train,0.9,credential_request,413,62.0,68.0,47.0,21.0,15.0,0.6912,0.7581,0.7231,f1,0.3455,0.5484,
real_train,0.9,gift_card,413,1.0,2.0,1.0,1.0,0.0,,,,count only (fewer than 10 positives),,,
real_train,0.9,data_request,413,23.0,23.0,9.0,14.0,14.0,0.3913,0.3913,0.3913,f1,,,
real_train,0.9,macro_scoreable5,413,,,,,,,,0.5453,"mean F1 over affiliation_external, affiliation_internal, authority, credential_request, signature_contact",,,
synthetic_train,0.0,affiliation_internal,306,142.0,152.0,86.0,66.0,56.0,0.5658,0.6056,0.585,f1,,,labels list only the claims the generator was required to include: precision is a lower bound
synthetic_train,0.0,affiliation_external,306,80.0,57.0,30.0,27.0,50.0,0.5263,0.375,0.438,f1,,,labels list only the claims the generator was required to include: precision is a lower bound
synthetic_train,0.0,authority,306,81.0,103.0,74.0,29.0,7.0,0.7184,0.9136,0.8043,f1,,,labels list only the claims the generator was required to include: precision is a lower bound
synthetic_train,0.0,reply_direction,306,49.0,45.0,40.0,5.0,9.0,0.8889,0.8163,0.8511,f1,,,labels list only the claims the generator was required to include: precision is a lower bound
synthetic_train,0.0,signature_contact,306,52.0,92.0,52.0,40.0,0.0,0.5652,1.0,0.7222,f1,,,labels list only the claims the generator was required to include: precision is a lower bound
synthetic_train,0.0,prior_relationship,306,101.0,103.0,84.0,19.0,17.0,0.8155,0.8317,0.8235,f1,,,labels list only the claims the generator was required to include: precision is a lower bound
synthetic_train,0.0,payment_request,306,115.0,107.0,92.0,15.0,23.0,0.8598,0.8,0.8288,f1,,,labels list only the claims the generator was required to include: precision is a lower bound
synthetic_train,0.0,payment_change,306,42.0,38.0,38.0,0.0,4.0,1.0,0.9048,0.95,f1,,,labels list only the claims the generator was required to include: precision is a lower bound
synthetic_train,0.0,credential_request,306,15.0,20.0,15.0,5.0,0.0,0.75,1.0,0.8571,f1,,,labels list only the claims the generator was required to include: precision is a lower bound
synthetic_train,0.0,gift_card,306,30.0,31.0,30.0,1.0,0.0,0.9677,1.0,0.9836,f1,,,labels list only the claims the generator was required to include: precision is a lower bound
synthetic_train,0.0,data_request,306,52.0,82.0,45.0,37.0,7.0,0.5488,0.8654,0.6716,f1,,,labels list only the claims the generator was required to include: precision is a lower bound
synthetic_train,0.0,macro_scoreable5,306,,,,,,,,0.6813,"mean F1 over affiliation_external, affiliation_internal, authority, credential_request, signature_contact",,,labels list only the claims the generator was required to include: precision is a lower bound
synthetic_train,0.9,affiliation_internal,306,142.0,123.0,74.0,49.0,68.0,0.6016,0.5211,0.5585,f1,,,labels list only the claims the generator was required to include: precision is a lower bound
synthetic_train,0.9,affiliation_external,306,80.0,23.0,14.0,9.0,66.0,0.6087,0.175,0.2718,f1,,,labels list only the claims the generator was required to include: precision is a lower bound
synthetic_train,0.9,authority,306,81.0,66.0,54.0,12.0,27.0,0.8182,0.6667,0.7347,f1,,,labels list only the claims the generator was required to include: precision is a lower bound
synthetic_train,0.9,reply_direction,306,49.0,44.0,39.0,5.0,10.0,0.8864,0.7959,0.8387,f1,,,labels list only the claims the generator was required to include: precision is a lower bound
synthetic_train,0.9,signature_contact,306,52.0,49.0,44.0,5.0,8.0,0.898,0.8462,0.8713,f1,,,labels list only the claims the generator was required to include: precision is a lower bound
synthetic_train,0.9,prior_relationship,306,101.0,101.0,84.0,17.0,17.0,0.8317,0.8317,0.8317,f1,,,labels list only the claims the generator was required to include: precision is a lower bound
synthetic_train,0.9,payment_request,306,115.0,107.0,92.0,15.0,23.0,0.8598,0.8,0.8288,f1,,,labels list only the claims the generator was required to include: precision is a lower bound
synthetic_train,0.9,payment_change,306,42.0,37.0,37.0,0.0,5.0,1.0,0.881,0.9367,f1,,,labels list only the claims the generator was required to include: precision is a lower bound
synthetic_train,0.9,credential_request,306,15.0,15.0,15.0,0.0,0.0,1.0,1.0,1.0,f1,,,labels list only the claims the generator was required to include: precision is a lower bound
synthetic_train,0.9,gift_card,306,30.0,28.0,27.0,1.0,3.0,0.9643,0.9,0.931,f1,,,labels list only the claims the generator was required to include: precision is a lower bound
synthetic_train,0.9,data_request,306,52.0,34.0,31.0,3.0,21.0,0.9118,0.5962,0.7209,f1,,,labels list only the claims the generator was required to include: precision is a lower bound
synthetic_train,0.9,macro_scoreable5,306,,,,,,,,0.6873,"mean F1 over affiliation_external, affiliation_internal, authority, credential_request, signature_contact",,,labels list only the claims the generator was required to include: precision is a lower bound
