removed_source,kept_source,rows
kaggle_spamassassin,spamassassin,3226
nazario,nazario,2244
phishing_pot,phishing_pot,1092
kaggle_ceas08,kaggle_ceas08,1076
kaggle_enron,kaggle_enron,517
spamassassin,spamassassin,267
kaggle_spamassassin,kaggle_enron,155
kaggle_enron,spamassassin,118
kaggle_nigerian_fraud,kaggle_nigerian_fraud,94
kaggle_nazario,nazario,63
kaggle_nazario,kaggle_nazario,53
apache_tomcat_users,apache_tomcat_users,23
kaggle_spamassassin,kaggle_spamassassin,21
apache_kafka_users,apache_kafka_users,19
phishing_pot,nazario,11
kaggle_nigerian_fraud,kaggle_enron,9
kaggle_ling,kaggle_ling,8
kaggle_enron,nazario,2
apache_kafka_users,nazario,1
kaggle_nazario,kaggle_enron,1
kaggle_nigerian_fraud,nazario,1
kaggle_enron,apache_kafka_users,1
kaggle_ceas08,apache_kafka_users,1
