source,kind,domain,count
apache_kafka_users,from,gmail.com,454
apache_kafka_users,from,apache.org,234
apache_kafka_users,from,scholz.cz,12
apache_kafka_users,from,kirktrue.pro,10
apache_kafka_users,from,ibm.com,9
apache_kafka_users,from,outlook.com,8
apache_kafka_users,from,jcea.es,7
apache_kafka_users,from,zalando.de,6
apache_kafka_users,to,apache.org,1005
apache_kafka_users,to,gmail.com,13
apache_kafka_users,to,ericsson.com,10
apache_kafka_users,to,stackable.tech,5
apache_kafka_users,to,netapp.com,3
apache_tomcat_users,from,apache.org,653
apache_tomcat_users,from,christopherschultz.net,350
apache_tomcat_users,from,gmail.com,315
apache_tomcat_users,from,danielgschwartz.com,68
apache_tomcat_users,from,xmission.com,28
apache_tomcat_users,from,kreuser.name,20
apache_tomcat_users,from,novatec-inc.com,17
apache_tomcat_users,from,sparecreative.com,13
apache_tomcat_users,to,apache.org,2114
apache_tomcat_users,to,christopherschultz.net,10
apache_tomcat_users,to,kippdata.de,1
apache_tomcat_users,to,gmail.com,1
apache_tomcat_users,to,americanbus.com,1
kaggle_ceas08,from,gmail.com,2637
kaggle_ceas08,from,apache.org,667
kaggle_ceas08,from,python.org,547
kaggle_ceas08,from,loewis.de,289
kaggle_ceas08,from,massey.ac.nz,271
kaggle_ceas08,from,telefonica.net,229
kaggle_ceas08,from,perl.org,223
kaggle_ceas08,from,techtarget.com,199
kaggle_ceas08,to,ceas-challenge.cc,22804
kaggle_ceas08,to,opensuse.org,1955
kaggle_ceas08,to,python.org,1787
kaggle_ceas08,to,apache.org,1305
kaggle_ceas08,to,gmail.com,1026
kaggle_nigerian_fraud,from,hotmail.com,303
kaggle_nigerian_fraud,from,yahoo.com,247
kaggle_nigerian_fraud,from,virgilio.it,151
kaggle_nigerian_fraud,from,yahoo.co.uk,108
kaggle_nigerian_fraud,from,hotmail.fr,106
kaggle_nigerian_fraud,from,netscape.net,104
kaggle_nigerian_fraud,from,latinmail.com,61
kaggle_nigerian_fraud,from,tiscali.co.uk,47
kaggle_nigerian_fraud,to,aclweb.org,184
kaggle_nigerian_fraud,to,yahoo.com,90
kaggle_nigerian_fraud,to,hotmail.com,48
kaggle_nigerian_fraud,to,umbc.edu,39
kaggle_nigerian_fraud,to,latinmail.com,38
nazario,from,paypal.com,1056
nazario,from,ebay.com,752
nazario,from,53.com,168
nazario,from,chase.com,167
nazario,from,bankofamerica.com,154
nazario,from,amazon.com,111
nazario,from,bbt.com,106
nazario,from,regions.com,95
nazario,to,monkey.org,3064
nazario,to,example.com,1959
nazario,to,domain.com,534
nazario,to,uninet.edu,78
nazario,to,cwru.edu,40
phishing_pot,from,stayfriends.de,516
phishing_pot,from,gmail.com,354
phishing_pot,from,access-accsecurity.com,108
phishing_pot,from,telekom.com,108
phishing_pot,from,shcms.org,97
phishing_pot,from,sa.com,94
phishing_pot,from,otto.de,93
phishing_pot,from,bradesco.com.br,81
phishing_pot,to,aol.com,350
phishing_pot,to,gmail.com,214
phishing_pot,to,hotmail.com,117
phishing_pot,to,protonmail.ch,25
phishing_pot,to,protonmail.com,14
spamassassin,from,taint.org,663
spamassassin,from,hotmail.com,263
spamassassin,from,yahoo.com,188
spamassassin,from,online.com,85
spamassassin,from,slack.net,81
spamassassin,from,aol.com,80
spamassassin,from,canada.com,79
spamassassin,from,perl.org,74
spamassassin,to,taint.org,1809
spamassassin,to,linux.ie,494
spamassassin,to,freshrpms.net,387
spamassassin,to,netnoteinc.com,295
spamassassin,to,sourceforge.net,293
