split,source,variant,cases,label,threads
test,apache,A,25,1,25
test,apache,B,17,1,17
test,apache,C,25,1,25
test,apache,neg_real,25,0,25
test,apache,neg_synth,25,0,25
test,enron,A,51,1,51
test,enron,C,51,1,51
test,enron,neg_real,51,0,51
test,enron,neg_synth,51,0,51
train,apache,A,133,1,133
train,apache,B,91,1,91
train,apache,C,133,1,133
train,apache,neg_real,133,0,133
train,apache,neg_synth,133,0,133
train,enron,A,214,1,214
train,enron,C,214,1,214
train,enron,neg_real,214,0,214
train,enron,neg_synth,214,0,214
validation,apache,A,40,1,40
validation,apache,B,26,1,26
validation,apache,C,40,1,40
validation,apache,neg_real,40,0,40
validation,apache,neg_synth,40,0,40
validation,enron,A,29,1,29
validation,enron,C,29,1,29
validation,enron,neg_real,29,0,29
validation,enron,neg_synth,29,0,29
