group_type,group,kind,label,positives,items
split,test,tactic,authority,25,140
split,test,tactic,urgency,44,140
split,test,tactic,scarcity,26,140
split,test,tactic,reciprocity,0,140
split,test,tactic,social_proof,0,140
split,test,tactic,liking,4,140
split,test,tactic,secrecy,16,140
split,test,claim,affiliation_internal,12,140
split,test,claim,affiliation_external,44,140
split,test,claim,authority,16,140
split,test,claim,reply_direction,11,140
split,test,claim,signature_contact,26,140
split,test,claim,prior_relationship,1,140
split,test,claim,payment_request,2,140
split,test,claim,payment_change,1,140
split,test,claim,credential_request,15,140
split,test,claim,gift_card,0,140
split,test,claim,data_request,8,140
split,train,tactic,authority,71,413
split,train,tactic,urgency,122,413
split,train,tactic,scarcity,91,413
split,train,tactic,reciprocity,5,413
split,train,tactic,social_proof,2,413
split,train,tactic,liking,11,413
split,train,tactic,secrecy,41,413
split,train,claim,affiliation_internal,32,413
split,train,claim,affiliation_external,116,413
split,train,claim,authority,45,413
split,train,claim,reply_direction,35,413
split,train,claim,signature_contact,87,413
split,train,claim,prior_relationship,8,413
split,train,claim,payment_request,8,413
split,train,claim,payment_change,1,413
split,train,claim,credential_request,62,413
split,train,claim,gift_card,1,413
split,train,claim,data_request,23,413
split,validation,tactic,authority,21,137
split,validation,tactic,urgency,39,137
split,validation,tactic,scarcity,27,137
split,validation,tactic,reciprocity,2,137
split,validation,tactic,social_proof,0,137
split,validation,tactic,liking,3,137
split,validation,tactic,secrecy,12,137
split,validation,claim,affiliation_internal,15,137
split,validation,claim,affiliation_external,38,137
split,validation,claim,authority,15,137
split,validation,claim,reply_direction,9,137
split,validation,claim,signature_contact,26,137
split,validation,claim,prior_relationship,1,137
split,validation,claim,payment_request,0,137
split,validation,claim,payment_change,1,137
split,validation,claim,credential_request,25,137
split,validation,claim,gift_card,0,137
split,validation,claim,data_request,5,137
category,fraud,tactic,authority,49,149
category,fraud,tactic,urgency,48,149
category,fraud,tactic,scarcity,24,149
category,fraud,tactic,reciprocity,1,149
category,fraud,tactic,social_proof,0,149
category,fraud,tactic,liking,1,149
category,fraud,tactic,secrecy,62,149
category,fraud,claim,affiliation_internal,16,149
category,fraud,claim,affiliation_external,35,149
category,fraud,claim,authority,65,149
category,fraud,claim,reply_direction,32,149
category,fraud,claim,signature_contact,45,149
category,fraud,claim,prior_relationship,3,149
category,fraud,claim,payment_request,1,149
category,fraud,claim,payment_change,0,149
category,fraud,claim,credential_request,0,149
category,fraud,claim,gift_card,0,149
category,fraud,claim,data_request,20,149
category,ham,tactic,authority,4,149
category,ham,tactic,urgency,11,149
category,ham,tactic,scarcity,2,149
category,ham,tactic,reciprocity,0,149
category,ham,tactic,social_proof,1,149
category,ham,tactic,liking,2,149
category,ham,tactic,secrecy,0,149
category,ham,claim,affiliation_internal,12,149
category,ham,claim,affiliation_external,3,149
category,ham,claim,authority,1,149
category,ham,claim,reply_direction,4,149
category,ham,claim,signature_contact,30,149
category,ham,claim,prior_relationship,5,149
category,ham,claim,payment_request,2,149
category,ham,claim,payment_change,1,149
category,ham,claim,credential_request,0,149
category,ham,claim,gift_card,0,149
category,ham,claim,data_request,1,149
category,phishing,tactic,authority,62,292
category,phishing,tactic,urgency,129,292
category,phishing,tactic,scarcity,109,292
category,phishing,tactic,reciprocity,5,292
category,phishing,tactic,social_proof,1,292
category,phishing,tactic,liking,12,292
category,phishing,tactic,secrecy,5,292
category,phishing,claim,affiliation_internal,31,292
category,phishing,claim,affiliation_external,151,292
category,phishing,claim,authority,10,292
category,phishing,claim,reply_direction,12,292
category,phishing,claim,signature_contact,51,292
category,phishing,claim,prior_relationship,1,292
category,phishing,claim,payment_request,3,292
category,phishing,claim,payment_change,2,292
category,phishing,claim,credential_request,102,292
category,phishing,claim,gift_card,1,292
category,phishing,claim,data_request,15,292
category,spam,tactic,authority,2,100
category,spam,tactic,urgency,17,100
category,spam,tactic,scarcity,9,100
category,spam,tactic,reciprocity,1,100
category,spam,tactic,social_proof,0,100
category,spam,tactic,liking,3,100
category,spam,tactic,secrecy,2,100
category,spam,claim,affiliation_internal,0,100
category,spam,claim,affiliation_external,9,100
category,spam,claim,authority,0,100
category,spam,claim,reply_direction,7,100
category,spam,claim,signature_contact,13,100
category,spam,claim,prior_relationship,1,100
category,spam,claim,payment_request,4,100
category,spam,claim,payment_change,0,100
category,spam,claim,credential_request,0,100
category,spam,claim,gift_card,0,100
category,spam,claim,data_request,0,100
all,all,tactic,authority,117,690
all,all,tactic,urgency,205,690
all,all,tactic,scarcity,144,690
all,all,tactic,reciprocity,7,690
all,all,tactic,social_proof,2,690
all,all,tactic,liking,18,690
all,all,tactic,secrecy,69,690
all,all,claim,affiliation_internal,59,690
all,all,claim,affiliation_external,198,690
all,all,claim,authority,76,690
all,all,claim,reply_direction,55,690
all,all,claim,signature_contact,139,690
all,all,claim,prior_relationship,10,690
all,all,claim,payment_request,10,690
all,all,claim,payment_change,3,690
all,all,claim,credential_request,102,690
all,all,claim,gift_card,1,690
all,all,claim,data_request,36,690
