split,source,category,emails,attacks,with_a_link,link_share_pct
train,apache_kafka_users,ham,735,0,486,66.1
train,apache_tomcat_users,ham,800,0,451,56.4
train,kaggle_ceas08,ham,800,0,544,68.0
train,kaggle_ceas08,spam,800,0,569,71.1
train,kaggle_enron,ham,800,0,69,8.6
train,kaggle_enron,spam,800,0,250,31.2
train,kaggle_ling,ham,800,0,304,38.0
train,kaggle_ling,spam,321,0,160,49.8
train,kaggle_nigerian_fraud,fraud,800,800,308,38.5
train,nazario,phishing,800,800,670,83.8
train,phishing_pot,phishing,800,800,693,86.6
train,spamassassin,ham,800,0,672,84.0
train,spamassassin,spam,800,0,688,86.0
validation,apache_kafka_users,ham,33,0,17,51.5
validation,apache_tomcat_users,ham,64,0,29,45.3
validation,kaggle_ceas08,ham,522,0,341,65.3
validation,kaggle_ceas08,spam,629,0,421,66.9
validation,kaggle_enron,ham,466,0,24,5.2
validation,kaggle_enron,spam,414,0,134,32.4
validation,kaggle_ling,ham,72,0,34,47.2
validation,kaggle_ling,spam,20,0,11,55.0
validation,kaggle_nigerian_fraud,fraud,97,97,34,35.1
validation,nazario,phishing,290,290,249,85.9
validation,phishing_pot,phishing,224,224,191,85.3
validation,spamassassin,ham,124,0,111,89.5
validation,spamassassin,spam,51,0,43,84.3
