split,view,source,category,is_attack,emails,with_a_link,link_share_pct,text_changed_by_redaction_pct
test,all,apache_kafka_users,ham,False,158,100,63.3,63.9
test,all,apache_tomcat_users,ham,False,324,198,61.1,56.8
test,all,kaggle_ceas08,ham,False,2588,1742,67.3,59.2
test,all,kaggle_ceas08,spam,False,3126,2115,67.7,81.2
test,all,kaggle_enron,ham,False,2313,217,9.4,25.2
test,all,kaggle_enron,spam,False,2055,664,32.3,46.4
test,all,kaggle_ling,ham,False,359,139,38.7,72.4
test,all,kaggle_ling,spam,False,69,29,42.0,55.1
test,all,kaggle_nigerian_fraud,fraud,True,486,202,41.6,82.3
test,all,nazario,phishing,True,1439,1205,83.7,86.1
test,all,phishing_pot,phishing,True,1120,942,84.1,80.4
test,all,spamassassin,ham,False,615,559,90.9,77.1
test,all,spamassassin,spam,False,251,215,85.7,90.0
test,linkfree,apache_kafka_users,ham,False,58,0,0.0,32.8
test,linkfree,apache_tomcat_users,ham,False,126,0,0.0,39.7
test,linkfree,kaggle_ceas08,ham,False,846,0,0.0,32.6
test,linkfree,kaggle_ceas08,spam,False,1011,0,0.0,41.8
test,linkfree,kaggle_enron,ham,False,2096,0,0.0,19.3
test,linkfree,kaggle_enron,spam,False,1391,0,0.0,21.3
test,linkfree,kaggle_ling,ham,False,220,0,0.0,60.5
test,linkfree,kaggle_ling,spam,False,40,0,0.0,25.0
test,linkfree,kaggle_nigerian_fraud,fraud,True,284,0,0.0,71.5
test,linkfree,nazario,phishing,True,234,0,0.0,34.6
test,linkfree,phishing_pot,phishing,True,178,0,0.0,33.1
test,linkfree,spamassassin,ham,False,56,0,0.0,44.6
test,linkfree,spamassassin,spam,False,36,0,0.0,58.3
