split,source,variant,metric,n,hits,rate,ci_low,ci_high,note
validation,apache,neg_real,suspicious_or_high_full,40,0,0.0,0.0,0.0,negatives: these are false alarms
validation,apache,neg_real,high_full,40,0,0.0,0.0,0.0,negatives: these are false alarms
validation,apache,neg_real,suspicious_or_high_phase8,40,0,0.0,0.0,0.0,negatives: these are false alarms
validation,apache,neg_real,high_phase8,40,0,0.0,0.0,0.0,negatives: these are false alarms
validation,apache,neg_synth,suspicious_or_high_full,40,0,0.0,0.0,0.0,negatives: these are false alarms
validation,apache,neg_synth,high_full,40,0,0.0,0.0,0.0,negatives: these are false alarms
validation,apache,neg_synth,suspicious_or_high_phase8,40,0,0.0,0.0,0.0,negatives: these are false alarms
validation,apache,neg_synth,high_phase8,40,0,0.0,0.0,0.0,negatives: these are false alarms
validation,apache,A,suspicious_or_high_full,40,33,0.825,0.7,0.925,
validation,apache,A,high_full,40,10,0.25,0.125,0.375,
validation,apache,A,suspicious_or_high_phase8,40,7,0.175,0.075,0.3,
validation,apache,A,high_phase8,40,0,0.0,0.0,0.0,
validation,apache,B,suspicious_or_high_full,26,26,1.0,1.0,1.0,
validation,apache,B,high_full,26,0,0.0,0.0,0.0,
validation,apache,B,suspicious_or_high_phase8,26,0,0.0,0.0,0.0,
validation,apache,B,high_phase8,26,0,0.0,0.0,0.0,
validation,apache,C,suspicious_or_high_full,40,40,1.0,1.0,1.0,
validation,apache,C,high_full,40,0,0.0,0.0,0.0,
validation,apache,C,suspicious_or_high_phase8,40,0,0.0,0.0,0.0,
validation,apache,C,high_phase8,40,0,0.0,0.0,0.0,
validation,apache,attacks (A+B+C),suspicious_or_high_full,106,99,0.934,0.887,0.973,
validation,apache,attacks (A+B+C),high_full,106,10,0.094,0.047,0.142,
validation,apache,attacks (A+B+C),suspicious_or_high_phase8,106,7,0.066,0.028,0.113,
validation,apache,attacks (A+B+C),high_phase8,106,0,0.0,0.0,0.0,
validation,enron,neg_real,suspicious_or_high_full,29,2,0.069,0.0,0.172,negatives: these are false alarms
validation,enron,neg_real,high_full,29,0,0.0,0.0,0.0,negatives: these are false alarms
validation,enron,neg_real,suspicious_or_high_phase8,29,0,0.0,0.0,0.0,negatives: these are false alarms
validation,enron,neg_real,high_phase8,29,0,0.0,0.0,0.0,negatives: these are false alarms
validation,enron,neg_synth,suspicious_or_high_full,29,0,0.0,0.0,0.0,negatives: these are false alarms
validation,enron,neg_synth,high_full,29,0,0.0,0.0,0.0,negatives: these are false alarms
validation,enron,neg_synth,suspicious_or_high_phase8,29,0,0.0,0.0,0.0,negatives: these are false alarms
validation,enron,neg_synth,high_phase8,29,0,0.0,0.0,0.0,negatives: these are false alarms
validation,enron,A,suspicious_or_high_full,29,29,1.0,1.0,1.0,
validation,enron,A,high_full,29,11,0.379,0.207,0.552,
validation,enron,A,suspicious_or_high_phase8,29,0,0.0,0.0,0.0,
validation,enron,A,high_phase8,29,0,0.0,0.0,0.0,
validation,enron,C,suspicious_or_high_full,29,24,0.828,0.69,0.932,
validation,enron,C,high_full,29,0,0.0,0.0,0.0,
validation,enron,C,suspicious_or_high_phase8,29,0,0.0,0.0,0.0,
validation,enron,C,high_phase8,29,0,0.0,0.0,0.0,
validation,enron,attacks (A+B+C),suspicious_or_high_full,58,53,0.914,0.844,0.983,
validation,enron,attacks (A+B+C),high_full,58,11,0.19,0.103,0.276,
validation,enron,attacks (A+B+C),suspicious_or_high_phase8,58,0,0.0,0.0,0.0,
validation,enron,attacks (A+B+C),high_phase8,58,0,0.0,0.0,0.0,
