split,task,features,group_a,group_b,n_train_a,n_train_b,n_test_a,n_test_b,auc,auc_ci_low,auc_ci_high,note
test,same-kind sources (ham),words,apache_kafka_users,apache_tomcat_users,735,1496,158,324,0.9909,0.9831,0.9968,"0.5 = cannot tell the two collections apart, 1.0 = perfectly separable"
test,same-kind sources (ham),tactic probabilities,apache_kafka_users,apache_tomcat_users,735,1496,158,324,0.6825,0.6155,0.7442,"0.5 = cannot tell the two collections apart, 1.0 = perfectly separable"
test,same-kind sources (ham),words,apache_kafka_users,kaggle_ceas08,735,3000,158,5714,0.9968,0.9938,0.9989,"0.5 = cannot tell the two collections apart, 1.0 = perfectly separable"
test,same-kind sources (ham),tactic probabilities,apache_kafka_users,kaggle_ceas08,735,3000,158,5714,0.7329,0.6743,0.7846,"0.5 = cannot tell the two collections apart, 1.0 = perfectly separable"
test,same-kind sources (ham),words,apache_kafka_users,kaggle_enron,735,3000,158,4368,0.9985,0.9973,0.9994,"0.5 = cannot tell the two collections apart, 1.0 = perfectly separable"
test,same-kind sources (ham),tactic probabilities,apache_kafka_users,kaggle_enron,735,3000,158,4368,0.8087,0.7587,0.8529,"0.5 = cannot tell the two collections apart, 1.0 = perfectly separable"
test,same-kind sources (ham),words,apache_kafka_users,kaggle_ling,735,1995,158,428,1.0,0.9999,1.0,"0.5 = cannot tell the two collections apart, 1.0 = perfectly separable"
test,same-kind sources (ham),tactic probabilities,apache_kafka_users,kaggle_ling,735,1995,158,428,0.8622,0.8098,0.9083,"0.5 = cannot tell the two collections apart, 1.0 = perfectly separable"
test,same-kind sources (ham),words,apache_kafka_users,spamassassin,735,3000,158,866,0.9991,0.998,0.9998,"0.5 = cannot tell the two collections apart, 1.0 = perfectly separable"
test,same-kind sources (ham),tactic probabilities,apache_kafka_users,spamassassin,735,3000,158,866,0.7591,0.704,0.8093,"0.5 = cannot tell the two collections apart, 1.0 = perfectly separable"
test,same-kind sources (ham),words,apache_tomcat_users,kaggle_ceas08,1496,3000,324,5714,0.9943,0.9916,0.9966,"0.5 = cannot tell the two collections apart, 1.0 = perfectly separable"
test,same-kind sources (ham),tactic probabilities,apache_tomcat_users,kaggle_ceas08,1496,3000,324,5714,0.6818,0.6378,0.7314,"0.5 = cannot tell the two collections apart, 1.0 = perfectly separable"
test,same-kind sources (ham),words,apache_tomcat_users,kaggle_enron,1496,3000,324,4368,0.9974,0.9963,0.9985,"0.5 = cannot tell the two collections apart, 1.0 = perfectly separable"
test,same-kind sources (ham),tactic probabilities,apache_tomcat_users,kaggle_enron,1496,3000,324,4368,0.7212,0.6912,0.7564,"0.5 = cannot tell the two collections apart, 1.0 = perfectly separable"
test,same-kind sources (ham),words,apache_tomcat_users,kaggle_ling,1496,1995,324,428,0.9998,0.9994,1.0,"0.5 = cannot tell the two collections apart, 1.0 = perfectly separable"
test,same-kind sources (ham),tactic probabilities,apache_tomcat_users,kaggle_ling,1496,1995,324,428,0.7959,0.76,0.8368,"0.5 = cannot tell the two collections apart, 1.0 = perfectly separable"
test,same-kind sources (ham),words,apache_tomcat_users,spamassassin,1496,3000,324,866,0.9965,0.9943,0.9982,"0.5 = cannot tell the two collections apart, 1.0 = perfectly separable"
test,same-kind sources (ham),tactic probabilities,apache_tomcat_users,spamassassin,1496,3000,324,866,0.6903,0.6479,0.7347,"0.5 = cannot tell the two collections apart, 1.0 = perfectly separable"
test,same-kind sources (ham),words,kaggle_ceas08,kaggle_enron,3000,3000,5714,4368,0.9835,0.9799,0.9867,"0.5 = cannot tell the two collections apart, 1.0 = perfectly separable"
test,same-kind sources (ham),tactic probabilities,kaggle_ceas08,kaggle_enron,3000,3000,5714,4368,0.6387,0.612,0.6636,"0.5 = cannot tell the two collections apart, 1.0 = perfectly separable"
test,same-kind sources (ham),words,kaggle_ceas08,kaggle_ling,3000,1995,5714,428,0.991,0.9876,0.9938,"0.5 = cannot tell the two collections apart, 1.0 = perfectly separable"
test,same-kind sources (ham),tactic probabilities,kaggle_ceas08,kaggle_ling,3000,1995,5714,428,0.8296,0.8013,0.8549,"0.5 = cannot tell the two collections apart, 1.0 = perfectly separable"
test,same-kind sources (ham),words,kaggle_ceas08,spamassassin,3000,3000,5714,866,0.9649,0.9566,0.9717,"0.5 = cannot tell the two collections apart, 1.0 = perfectly separable"
test,same-kind sources (ham),tactic probabilities,kaggle_ceas08,spamassassin,3000,3000,5714,866,0.5608,0.5221,0.5974,"0.5 = cannot tell the two collections apart, 1.0 = perfectly separable"
test,same-kind sources (ham),words,kaggle_enron,kaggle_ling,3000,1995,4368,428,0.9917,0.9862,0.9953,"0.5 = cannot tell the two collections apart, 1.0 = perfectly separable"
test,same-kind sources (ham),tactic probabilities,kaggle_enron,kaggle_ling,3000,1995,4368,428,0.6872,0.6577,0.7176,"0.5 = cannot tell the two collections apart, 1.0 = perfectly separable"
test,same-kind sources (ham),words,kaggle_enron,spamassassin,3000,3000,4368,866,0.9765,0.972,0.9808,"0.5 = cannot tell the two collections apart, 1.0 = perfectly separable"
test,same-kind sources (ham),tactic probabilities,kaggle_enron,spamassassin,3000,3000,4368,866,0.567,0.5428,0.5909,"0.5 = cannot tell the two collections apart, 1.0 = perfectly separable"
test,same-kind sources (ham),words,kaggle_ling,spamassassin,1995,3000,428,866,0.9915,0.9879,0.9948,"0.5 = cannot tell the two collections apart, 1.0 = perfectly separable"
test,same-kind sources (ham),tactic probabilities,kaggle_ling,spamassassin,1995,3000,428,866,0.7701,0.7357,0.8019,"0.5 = cannot tell the two collections apart, 1.0 = perfectly separable"
test,same-kind sources (spam),words,kaggle_ceas08,kaggle_enron,3000,3000,5714,4368,0.9835,0.9799,0.9867,"0.5 = cannot tell the two collections apart, 1.0 = perfectly separable"
test,same-kind sources (spam),tactic probabilities,kaggle_ceas08,kaggle_enron,3000,3000,5714,4368,0.6387,0.612,0.6636,"0.5 = cannot tell the two collections apart, 1.0 = perfectly separable"
test,same-kind sources (spam),words,kaggle_ceas08,kaggle_ling,3000,1995,5714,428,0.991,0.9876,0.9938,"0.5 = cannot tell the two collections apart, 1.0 = perfectly separable"
test,same-kind sources (spam),tactic probabilities,kaggle_ceas08,kaggle_ling,3000,1995,5714,428,0.8296,0.8013,0.8549,"0.5 = cannot tell the two collections apart, 1.0 = perfectly separable"
test,same-kind sources (spam),words,kaggle_ceas08,spamassassin,3000,3000,5714,866,0.9649,0.9566,0.9717,"0.5 = cannot tell the two collections apart, 1.0 = perfectly separable"
test,same-kind sources (spam),tactic probabilities,kaggle_ceas08,spamassassin,3000,3000,5714,866,0.5608,0.5221,0.5974,"0.5 = cannot tell the two collections apart, 1.0 = perfectly separable"
test,same-kind sources (spam),words,kaggle_enron,kaggle_ling,3000,1995,4368,428,0.9917,0.9862,0.9953,"0.5 = cannot tell the two collections apart, 1.0 = perfectly separable"
test,same-kind sources (spam),tactic probabilities,kaggle_enron,kaggle_ling,3000,1995,4368,428,0.6872,0.6577,0.7176,"0.5 = cannot tell the two collections apart, 1.0 = perfectly separable"
test,same-kind sources (spam),words,kaggle_enron,spamassassin,3000,3000,4368,866,0.9765,0.972,0.9808,"0.5 = cannot tell the two collections apart, 1.0 = perfectly separable"
test,same-kind sources (spam),tactic probabilities,kaggle_enron,spamassassin,3000,3000,4368,866,0.567,0.5428,0.5909,"0.5 = cannot tell the two collections apart, 1.0 = perfectly separable"
test,same-kind sources (spam),words,kaggle_ling,spamassassin,1995,3000,428,866,0.9915,0.9879,0.9948,"0.5 = cannot tell the two collections apart, 1.0 = perfectly separable"
test,same-kind sources (spam),tactic probabilities,kaggle_ling,spamassassin,1995,3000,428,866,0.7701,0.7357,0.8019,"0.5 = cannot tell the two collections apart, 1.0 = perfectly separable"
test,same-kind sources (attack),words,kaggle_nigerian_fraud,nazario,2259,3000,486,1439,0.9968,0.9926,0.9997,"0.5 = cannot tell the two collections apart, 1.0 = perfectly separable"
test,same-kind sources (attack),tactic probabilities,kaggle_nigerian_fraud,nazario,2259,3000,486,1439,0.9898,0.9838,0.9945,"0.5 = cannot tell the two collections apart, 1.0 = perfectly separable"
test,same-kind sources (attack),words,kaggle_nigerian_fraud,phishing_pot,2259,3000,486,1120,0.9965,0.9938,0.9987,"0.5 = cannot tell the two collections apart, 1.0 = perfectly separable"
test,same-kind sources (attack),tactic probabilities,kaggle_nigerian_fraud,phishing_pot,2259,3000,486,1120,0.9789,0.9694,0.9874,"0.5 = cannot tell the two collections apart, 1.0 = perfectly separable"
test,same-kind sources (attack),words,nazario,phishing_pot,3000,3000,1439,1120,0.9817,0.9765,0.986,"0.5 = cannot tell the two collections apart, 1.0 = perfectly separable"
test,same-kind sources (attack),tactic probabilities,nazario,phishing_pot,3000,3000,1439,1120,0.7537,0.7193,0.7875,"0.5 = cannot tell the two collections apart, 1.0 = perfectly separable"
test,real against synthetic (attack emails),words,real (labelled),synthetic,263,153,90,31,1.0,1.0,1.0,Section 8.5: a high AUC means the synthetic emails can be told from real ones by their text; they are reported apart for that reason
test,real against synthetic (attack emails),tactic probabilities,real (labelled),synthetic,263,153,90,31,0.9563,0.8889,1.0,Section 8.5: a high AUC means the synthetic emails can be told from real ones by their text; they are reported apart for that reason
test,real against synthetic (benign emails),words,real (labelled),synthetic,90,153,30,31,1.0,1.0,1.0,Section 8.5: a high AUC means the synthetic emails can be told from real ones by their text; they are reported apart for that reason
test,real against synthetic (benign emails),tactic probabilities,real (labelled),synthetic,90,153,30,31,0.9452,0.8825,0.986,Section 8.5: a high AUC means the synthetic emails can be told from real ones by their text; they are reported apart for that reason
