group,label,value
all,pairs_valid,222
all,pairs_planned,240
all,pairs_dropped,18
test,emails,62
train,emails,306
validation,emails,76
test,tactic_authority,14
train,tactic_authority,54
validation,tactic_authority,14
all,tactic_authority,82
test,tactic_urgency,6
train,tactic_urgency,57
validation,tactic_urgency,16
all,tactic_urgency,79
test,tactic_scarcity,13
train,tactic_scarcity,43
validation,tactic_scarcity,18
all,tactic_scarcity,74
test,tactic_reciprocity,9
train,tactic_reciprocity,60
validation,tactic_reciprocity,9
all,tactic_reciprocity,78
test,tactic_social_proof,16
train,tactic_social_proof,52
validation,tactic_social_proof,12
all,tactic_social_proof,80
test,tactic_liking,7
train,tactic_liking,57
validation,tactic_liking,14
all,tactic_liking,78
test,tactic_secrecy,8
train,tactic_secrecy,53
validation,tactic_secrecy,16
all,tactic_secrecy,77
attack,claim_affiliation_internal,91
attack,claim_affiliation_external,56
attack,claim_authority,110
attack,claim_reply_direction,73
attack,claim_signature_contact,40
attack,claim_prior_relationship,94
attack,claim_payment_request,94
attack,claim_payment_change,56
attack,claim_credential_request,19
attack,claim_gift_card,18
attack,claim_data_request,35
benign,claim_affiliation_internal,128
benign,claim_affiliation_external,56
benign,claim_authority,0
benign,claim_reply_direction,0
benign,claim_signature_contact,40
benign,claim_prior_relationship,57
benign,claim_payment_request,74
benign,claim_payment_change,16
benign,claim_credential_request,0
benign,claim_gift_card,18
benign,claim_data_request,35
