origin,split,tactic,positives,items
real,train,authority,71,413
real,train,urgency,122,413
real,train,scarcity,91,413
real,train,reciprocity,5,413
real,train,social_proof,2,413
real,train,liking,11,413
real,train,secrecy,41,413
real,validation,authority,21,137
real,validation,urgency,39,137
real,validation,scarcity,27,137
real,validation,reciprocity,2,137
real,validation,social_proof,0,137
real,validation,liking,3,137
real,validation,secrecy,12,137
synthetic,train,authority,54,306
synthetic,train,urgency,57,306
synthetic,train,scarcity,43,306
synthetic,train,reciprocity,60,306
synthetic,train,social_proof,52,306
synthetic,train,liking,57,306
synthetic,train,secrecy,53,306
synthetic,validation,authority,14,76
synthetic,validation,urgency,16,76
synthetic,validation,scarcity,18,76
synthetic,validation,reciprocity,9,76
synthetic,validation,social_proof,12,76
synthetic,validation,liking,14,76
synthetic,validation,secrecy,16,76
