split,source,rule,signal,rows,contradiction,consistent,not_checkable,note
train,apache,tv_bank_new,request_drift,1,1,0,0,
train,apache,tv_int_ids_ok,thread_integrity,1228,0,1228,0,
train,apache,tv_int_parent_missing,thread_integrity,15,15,0,0,
train,apache,tv_onset_no_history,tactic_onset,253,0,0,253,
train,apache,tv_onset_steady,tactic_onset,990,0,990,0,
train,apache,tv_path_mailer,sending_path,1,1,0,0,
train,apache,tv_path_origin,sending_path,299,299,0,0,
train,apache,tv_path_origin_mailer,sending_path,1,1,0,0,
train,apache,tv_path_same,sending_path,382,0,382,0,
train,apache,tv_prior_ok,prior_relationship,17,0,17,0,
train,apache,tv_prior_stranger,prior_relationship,2,2,0,0,
train,apache,tv_quote_forward,thread_integrity,1,0,0,1,
train,apache,tv_quote_mismatch,thread_integrity,3,3,0,0,
train,apache,tv_quote_none,thread_integrity,97,0,0,97,
train,apache,tv_quote_ok,thread_integrity,1142,0,1142,0,
train,apache,tv_req_credential_new,credential_request,1,1,0,0,
train,apache,tv_req_data_new,data_request,6,6,0,0,
train,apache,tv_req_no_history,any request,5,0,0,5,
train,apache,tv_req_payment_new,payment_request,1,1,0,0,
train,apache,tv_req_seen,any request,5,0,5,0,
train,apache,tv_single_ids_present,single_email,4,0,4,0,
train,apache,tv_single_no_quote,single_email,4,0,0,4,
train,apache,tv_single_no_reply_ids,single_email,2,2,0,0,
train,apache,tv_single_not_reply,single_email,243,0,0,243,
train,apache,tv_who_new_sender,sending_path,554,0,0,554,
train,apache,tv_who_other_domain,sending_path,6,6,0,0,
train,apache,tv_who_same_address,sending_path,683,0,683,0,
train,enron,tv_bank_changed,request_drift,1,1,0,0,
train,enron,tv_bank_seen,request_drift,1,0,1,0,
train,enron,tv_int_no_ids,thread_integrity,3034,0,0,3034,
train,enron,tv_onset_many,tactic_onset,11,11,0,0,
train,enron,tv_onset_no_history,tactic_onset,851,0,0,851,
train,enron,tv_onset_one,tactic_onset,11,11,0,0,
train,enron,tv_onset_steady,tactic_onset,2161,0,2161,0,
train,enron,tv_path_no_data,sending_path,1638,0,0,1638,
train,enron,tv_prior_few,prior_relationship,12,0,0,12,
train,enron,tv_prior_no_thread,prior_relationship,24,0,0,24,
train,enron,tv_prior_ok,prior_relationship,34,0,34,0,
train,enron,tv_prior_stranger,prior_relationship,18,18,0,0,
train,enron,tv_quote_forward,thread_integrity,422,0,0,422,
train,enron,tv_quote_mismatch,thread_integrity,86,86,0,0,
train,enron,tv_quote_none,thread_integrity,873,0,0,873,
train,enron,tv_quote_ok,thread_integrity,1653,0,1653,0,
train,enron,tv_req_credential_new,credential_request,6,6,0,0,
train,enron,tv_req_data_new,data_request,31,31,0,0,
train,enron,tv_req_gift_card_new,gift_card,1,1,0,0,
train,enron,tv_req_no_history,any request,36,0,0,36,
train,enron,tv_req_payment_new,payment_request,13,13,0,0,
train,enron,tv_req_seen,any request,52,0,52,0,
train,enron,tv_single_no_quote,single_email,67,0,0,67,
train,enron,tv_single_no_reply_ids,single_email,87,87,0,0,
train,enron,tv_single_not_reply,single_email,697,0,0,697,
train,enron,tv_who_new_sender,sending_path,1395,0,0,1395,
train,enron,tv_who_other_domain,sending_path,1,1,0,0,
train,enron,tv_who_same_address,sending_path,1638,0,1638,0,
validation,apache,tv_int_ids_ok,thread_integrity,376,0,376,0,
validation,apache,tv_int_parent_missing,thread_integrity,3,3,0,0,
validation,apache,tv_onset_no_history,tactic_onset,72,0,0,72,
validation,apache,tv_onset_steady,tactic_onset,307,0,307,0,
validation,apache,tv_path_mailer,sending_path,1,1,0,0,
validation,apache,tv_path_origin,sending_path,95,95,0,0,
validation,apache,tv_path_origin_mailer,sending_path,1,1,0,0,
validation,apache,tv_path_same,sending_path,118,0,118,0,
validation,apache,tv_prior_no_thread,prior_relationship,1,0,0,1,
validation,apache,tv_prior_ok,prior_relationship,15,0,15,0,
validation,apache,tv_prior_stranger,prior_relationship,2,2,0,0,
validation,apache,tv_quote_mismatch,thread_integrity,3,3,0,0,
validation,apache,tv_quote_none,thread_integrity,21,0,0,21,
validation,apache,tv_quote_ok,thread_integrity,355,0,355,0,
validation,apache,tv_req_credential_new,credential_request,1,1,0,0,
validation,apache,tv_req_data_new,data_request,2,2,0,0,
validation,apache,tv_req_seen,any request,2,0,2,0,
validation,apache,tv_single_ids_present,single_email,3,0,3,0,
validation,apache,tv_single_not_reply,single_email,69,0,0,69,
validation,apache,tv_who_new_sender,sending_path,163,0,0,163,
validation,apache,tv_who_other_domain,sending_path,1,1,0,0,
validation,apache,tv_who_same_address,sending_path,215,0,215,0,
validation,enron,tv_int_no_ids,thread_integrity,539,0,0,539,
validation,enron,tv_onset_many,tactic_onset,2,2,0,0,
validation,enron,tv_onset_no_history,tactic_onset,161,0,0,161,
validation,enron,tv_onset_one,tactic_onset,1,1,0,0,
validation,enron,tv_onset_steady,tactic_onset,375,0,375,0,
validation,enron,tv_path_no_data,sending_path,279,0,0,279,
validation,enron,tv_prior_few,prior_relationship,4,0,0,4,
validation,enron,tv_prior_no_thread,prior_relationship,8,0,0,8,
validation,enron,tv_prior_ok,prior_relationship,9,0,9,0,
validation,enron,tv_prior_stranger,prior_relationship,4,4,0,0,
validation,enron,tv_quote_forward,thread_integrity,74,0,0,74,
validation,enron,tv_quote_mismatch,thread_integrity,23,23,0,0,
validation,enron,tv_quote_none,thread_integrity,147,0,0,147,
validation,enron,tv_quote_ok,thread_integrity,295,0,295,0,
validation,enron,tv_req_data_new,data_request,5,5,0,0,
validation,enron,tv_req_no_history,any request,9,0,0,9,
validation,enron,tv_req_seen,any request,7,0,7,0,
validation,enron,tv_single_no_quote,single_email,22,0,0,22,
validation,enron,tv_single_no_reply_ids,single_email,20,20,0,0,
validation,enron,tv_single_not_reply,single_email,119,0,0,119,
validation,enron,tv_who_new_sender,sending_path,260,0,0,260,
validation,enron,tv_who_same_address,sending_path,279,0,279,0,
train,apache,(all rules),messages,1243,5,3,253,rows = messages with a past; contradiction = messages with a medium or high contradiction; consistent = messages with a high one; not_checkable = threads
train,enron,(all rules),messages,3034,108,98,851,rows = messages with a past; contradiction = messages with a medium or high contradiction; consistent = messages with a high one; not_checkable = threads
validation,apache,(all rules),messages,379,4,3,72,rows = messages with a past; contradiction = messages with a medium or high contradiction; consistent = messages with a high one; not_checkable = threads
validation,enron,(all rules),messages,539,26,25,161,rows = messages with a past; contradiction = messages with a medium or high contradiction; consistent = messages with a high one; not_checkable = threads
