split,rule,verifier,claim_type,reads_authentication,meaning,rows,emails,contradiction,consistent,not_checkable,ham,spam,phishing,fraud,share_of_verifier_rows_pct
train,hv_int_list,header,affiliation_internal,False,"mailing-list mail: the recipient domain is the list's, not an employer's",41,36,0,0,41,36,3,2,0,0.06
train,hv_int_no_org,header,affiliation_internal,False,no organisation domain is known for the recipient,1712,1438,0,0,1712,373,110,1110,119,2.67
train,hv_int_no_from,header,affiliation_internal,False,no usable From address,2,2,0,0,2,0,0,2,0,0.0
train,hv_int_freemail,header,affiliation_internal,False,"claims to be internal, sent from a free mailbox provider",8,7,8,0,0,2,1,0,5,0.01
train,hv_int_lookalike,header,affiliation_internal,False,"claims to be internal, sent from a look-alike of the organisation's domain",2,2,2,0,0,2,0,0,0,0.0
train,hv_int_suffix,header,affiliation_internal,False,"claims to be internal, sent from the organisation's name under another suffix",0,0,0,0,0,0,0,0,0,0.0
train,hv_int_other_domain,header,affiliation_internal,False,"claims to be internal, sent from an unrelated domain (weak: the recipient domain may be a list or a partner)",254,221,254,0,0,57,6,182,9,0.4
train,hv_int_spoof,header,affiliation_internal,True,From shows the organisation's own domain but DMARC failed (exact-domain spoof),0,0,0,0,0,0,0,0,0,0.0
train,hv_int_auth_other,header,affiliation_internal,True,"From shows the organisation's domain, authentication vouched for another domain",0,0,0,0,0,0,0,0,0,0.0
train,hv_int_spf_fail,header,affiliation_internal,True,"From shows the organisation's domain, SPF failed",2,2,2,0,0,0,0,2,0,0.0
train,hv_int_no_pass,header,affiliation_internal,True,"From shows the organisation's domain, no check passed",22,19,22,0,0,0,0,22,0,0.03
train,hv_int_ok_auth,header,affiliation_internal,True,From shows the organisation's domain and authentication passed for it,2,1,0,2,0,0,0,2,0,0.0
train,hv_int_no_auth,header,affiliation_internal,False,"From shows the organisation's domain, but no authentication verdict exists",126,103,0,0,126,27,1,87,11,0.2
train,hv_ext_no_from,header,affiliation_external,False,no usable From address,4430,2974,0,0,4430,1782,1989,402,257,6.91
train,hv_ext_no_org,header,affiliation_external,False,the claim names no organisation,5155,3596,0,0,5155,922,2106,1591,536,8.04
train,hv_ext_reference,header,affiliation_external,False,names an organisation without saying the sender is that organisation (your PayPal account),13117,8901,0,0,13117,2143,2688,7048,1238,20.45
train,hv_ext_brand_spoof,header,affiliation_external,True,From shows the brand's domain but DMARC failed,3,3,3,0,0,0,0,3,0,0.0
train,hv_ext_brand_auth_other,header,affiliation_external,True,"From shows the brand's domain, authentication vouched for another domain",0,0,0,0,0,0,0,0,0,0.0
train,hv_ext_brand_spf_fail,header,affiliation_external,True,"From shows the brand's domain, SPF failed",0,0,0,0,0,0,0,0,0,0.0
train,hv_ext_brand_no_pass,header,affiliation_external,True,"From shows the brand's domain, no check passed",9,8,9,0,0,0,0,9,0,0.01
train,hv_ext_brand_ok,header,affiliation_external,True,From shows the brand's domain and authentication passed for it,18,18,0,18,0,0,0,18,0,0.03
train,hv_ext_brand_no_auth,header,affiliation_external,False,"From shows the brand's domain, but no authentication verdict exists",1629,1117,0,0,1629,12,1,1614,2,2.54
train,hv_ext_signed_by_brand,header,affiliation_external,True,the brand's own domain authenticated the message,0,0,0,0,0,0,0,0,0,0.0
train,hv_ext_freemail,header,affiliation_external,False,"claims a known organisation, sent from a free mailbox provider",70,57,70,0,0,1,0,68,1,0.11
train,hv_ext_lookalike,header,affiliation_external,False,"claims a known organisation, sent from a look-alike of its domain",81,65,81,0,0,0,0,81,0,0.13
train,hv_ext_name_spoof,header,affiliation_external,False,"claims a known organisation, display name shows another address",27,19,27,0,0,0,0,27,0,0.04
train,hv_ext_suffix,header,affiliation_external,False,"claims a known organisation, sent from its name under another suffix",39,33,39,0,0,0,0,39,0,0.06
train,hv_ext_other_domain,header,affiliation_external,False,"claims a known organisation, sent from an unrelated domain",895,694,895,0,0,10,1,884,0,1.4
train,hv_ext_unknown_freemail,header,affiliation_external,False,"claims an organisation with no known domain, sent from a free mailbox provider (weak: the name comes from a name recogniser)",273,239,273,0,0,38,38,70,127,0.43
train,hv_ext_unknown_org,header,affiliation_external,False,the claimed organisation has no known domain,4446,4148,0,0,4446,565,2104,1680,97,6.93
train,hv_auth_no_from,header,authority,False,no usable From address,983,777,0,0,983,416,405,16,146,1.53
train,hv_auth_name_address,header,authority,False,"rank claimed, display name shows another address",9,7,9,0,0,5,0,1,3,0.01
train,hv_auth_lookalike,header,authority,False,rank claimed from a look-alike of the organisation's domain,0,0,0,0,0,0,0,0,0,0.0
train,hv_auth_dmarc_fail,header,authority,True,"rank claimed, DMARC failed",12,8,12,0,0,0,0,12,0,0.02
train,hv_auth_freemail,header,authority,False,rank claimed from a free mailbox provider,804,597,804,0,0,9,30,17,748,1.25
train,hv_auth_spf_fail,header,authority,True,"rank claimed, SPF failed",4,4,4,0,0,0,0,4,0,0.01
train,hv_auth_no_pass,header,authority,True,"rank claimed, no authentication check passed",17,14,17,0,0,0,0,17,0,0.03
train,hv_auth_ok,header,authority,True,rank claimed from a domain that authenticated as itself,41,37,0,41,0,5,0,36,0,0.06
train,hv_auth_no_evidence,header,authority,False,"rank claimed, nothing to compare it with",1258,1013,0,0,1258,173,62,316,707,1.96
train,hv_reply_diverges,header,reply_direction,False,Reply-To points to another domain,32,26,32,0,0,0,5,27,0,0.05
train,hv_reply_ok,header,reply_direction,False,Reply-To is the sender's own domain or was set by a mailing list,60,52,0,60,0,11,6,43,0,0.09
train,hv_reply_no_header,header,reply_direction,False,no Reply-To header to compare,1756,1575,0,0,1756,773,282,67,634,2.74
train,hv_sig_no_from,header,signature_contact,False,no usable From address,5027,4761,0,0,5027,3248,1508,168,103,7.84
train,hv_sig_not_contact,header,signature_contact,False,"a postal address, disclaimer, copyright line or sign-off name is not a contact address to compare",13863,12206,0,0,13863,4615,3000,5171,1077,21.61
train,hv_sig_no_address,header,signature_contact,False,"the sender's signature block holds no e-mail address (list footers, quoted headers and the reader's own address are ignored)",4530,4277,0,0,4530,1788,405,1910,427,7.06
train,hv_sig_same_freemail,header,signature_contact,False,the signature address is on the same free mailbox provider as the sender: says nothing about who is who,236,211,0,0,236,124,9,25,78,0.37
train,hv_sig_ok,header,signature_contact,False,a signature address belongs to the sender's domain,1203,1138,0,1203,0,994,45,104,60,1.88
train,hv_sig_lookalike,header,signature_contact,False,a signature address is a look-alike of the sender's domain,13,12,13,0,0,6,0,7,0,0.02
train,hv_sig_freemail_sender,header,signature_contact,False,"company address in the signature, sent from a free mailbox provider",231,216,231,0,0,88,56,11,76,0.36
train,hv_sig_other_domain,header,signature_contact,False,no signature address belongs to the sender's domain,1711,1619,1711,0,0,811,259,389,252,2.67
train,rv_no_from,request,any request,False,no usable From address,2173,1562,0,0,2173,705,1183,147,138,15.17
train,rv_ok,request,any request,True,"the asker authenticated as its own domain, is no free mailbox and redirects nothing",547,350,0,547,0,9,0,538,0,3.82
train,rv_no_proof,request,any request,False,"nothing contradicts the asker, but nothing proves who they are",8361,4138,0,0,8361,611,345,6869,536,58.36
train,rv_change_needs_thread,request,payment_change,False,a bank-detail change cannot be confirmed from headers,501,384,0,0,501,3,0,491,7,3.5
train,rv_lookalike,request,any request,False,strongest signal: lookalike,54,40,54,0,0,0,0,54,0,0.38
train,rv_auth_fail,request,any request,True,strongest signal: auth fail,100,57,100,0,0,0,0,100,0,0.7
train,rv_freemail,request,any request,False,strongest signal: freemail,936,625,936,0,0,56,79,218,583,6.53
train,rv_reply_redirect,request,any request,False,strongest signal: reply redirect,666,341,666,0,0,0,18,648,0,4.65
train,rv_name_address,request,any request,False,strongest signal: name address,110,42,110,0,0,0,0,106,4,0.77
train,rv_spf_fail,request,any request,True,strongest signal: spf fail,202,88,202,0,0,0,0,202,0,1.41
train,rv_no_pass,request,any request,True,strongest signal: no pass,449,229,449,0,0,0,0,449,0,3.13
train,rv_name_domain,request,any request,False,strongest signal: name domain,228,139,228,0,0,17,0,210,1,1.59
train,tv_needs_thread,thread,prior_relationship,False,claims an earlier conversation; only the thread verifier (Phase 9) can check it,1110,1060,0,0,1110,642,107,280,81,100.0
